,time,region,spa01,spe01,spa03,spe03,spa06,spe06,spa12,spe12,t2m,rh,tp,index_x,t2m_L1.0,t2m_L2.0,t2m_L3.0,t2m_L4.0,t2m_L5.0,t2m_L6.0,rh_L1.0,rh_L2.0,rh_L3.0,rh_L4.0,rh_L5.0,rh_L6.0,tp_L1.0,tp_L2.0,tp_L3.0,tp_L4.0,tp_L5.0,tp_L6.0,mx2t24_L1.0,mx2t24_L2.0,mx2t24_L3.0,mx2t24_L4.0,mx2t24_L5.0,mx2t24_L6.0,mn2t24_L1.0,mn2t24_L2.0,mn2t24_L3.0,mn2t24_L4.0,mn2t24_L5.0,mn2t24_L6.0,ssta,VUL_socioeconomic_deprivation,VUL_socioeconomic_inequality,gdp_pc,pop_count,area,pop_density,index_y,Country,Region,Cases,Spatial_Resolution
0,2015-01,DOM,-0.5175339245372741,-0.6146250308364903,-0.24036170434135515,-0.30454527490553884,-0.34938202532421886,-0.37171382598316727,-1.2972194125732057,-1.1505664453983295,296.73784525161807,0.8006122570971651,0.3076934811536789,0,296.0030480135484,295.95401323552534,296.4841237257502,297.2537665356001,298.00591219541553,298.94676984165403,0.785018410849782,0.7684372554817326,0.7525661531072576,0.7610092385240953,0.787983513458506,0.7788671413757131,8.496002213833899,7.808084927428514,8.67297390076781,13.483090015059386,19.027282526257594,13.655480212587952,299.57535748180294,299.7398659695814,300.3297896383505,300.99298997172156,301.4266668085682,302.4327472383241,293.65346419898776,293.3787658234119,293.73917652750106,294.50528283377463,295.36916508201637,296.23446147956275,0.47741935,0.3280257865780452,0.3979278076269971,14794.354210289905,10244921.729848582,48092.054192982534,213.02732648387254,1,DOMINICAN REPUBLIC,DOMINICAN REPUBLIC,273,Admin0
1,2015-02,DOM,1.0822086575706202,1.1138803702430295,-0.18252913691354047,-0.2333081618117489,-0.2697101811729517,-0.30499061281282003,-1.0269038130121608,-0.9384655897754149,296.77956314842424,0.7954630888861581,0.5084370158994529,1,296.0147142451697,296.4642928294541,297.32231214082566,298.1783210851128,299.04551192866995,299.553556961847,0.7994471905472983,0.7725786906327465,0.761683841277818,0.7873160141035065,0.7800044073496915,0.7593247093495873,11.267329038895697,11.898133574633214,12.497690976710134,18.247446227690336,14.210765516143592,11.514923588355,299.53575349763895,300.13327702801513,300.98937779641216,301.6307200127029,302.4823738989972,303.2294421906777,293.5928263351061,293.8307321417982,294.57381143918604,295.5426034071361,296.38079216173,296.7352047104847,0.75,0.3280257865780452,0.3979278076269971,14794.354210289905,10244921.729848582,48092.054192982534,213.02732648387254,2,DOMINICAN REPUBLIC,DOMINICAN REPUBLIC,342,Admin0
2,2015-03,DOM,1.0297904775743931,1.073085007967449,0.7738655437603921,0.7344894047838229,-0.23083825607702438,-0.2954619989436653,-1.0169613328064777,-0.9139702151015527,297.14403241424634,0.7653262773974374,0.22833189340504823,2,296.6017004271746,297.45850458007374,298.1689172354777,299.05515986998915,299.6221402664839,299.7864496286215,0.7691819165828768,0.7585998532282082,0.7791494847560024,0.7775686694593041,0.7536676568107096,0.7549850393239872,9.097100906483137,11.15089309515266,17.718745430000464,13.409646751602505,10.270773547457068,11.991218527594027,300.2504224510883,301.1590619427912,301.63592178362387,302.5009862817783,303.34024384875056,303.61942879203326,293.96839501829226,294.67744641358547,295.48968707187163,296.3852102790775,296.78430247439434,296.9740681952386,0.43870968,0.3280257865780452,0.3979278076269971,14794.354210289905,10244921.729848582,48092.054192982534,213.02732648387254,3,DOMINICAN REPUBLIC,DOMINICAN REPUBLIC,432,Admin0
3,2015-04,DOM,-0.2472338816446663,-0.3095031752160791,0.7755459849842731,0.7605180867331036,-0.15166366301604173,-0.13072758658794292,-1.1263343046118406,-1.031560653366333,298.3171349079802,0.7523567883469271,0.17814892214118172,3,297.3231776883285,298.1215821028916,298.96276578970173,299.67402834660015,299.83693412649205,299.72073380825503,0.7673463405951364,0.7921746741402632,0.7790806803548455,0.747452702415578,0.7517836760628644,0.7796739922985702,14.251211537967633,18.122188821846354,14.000005624648471,8.930400429065289,11.033315176180631,15.341368829098911,300.9787770119528,301.51529314086173,302.39549232392505,303.4247647348737,303.73131589794235,303.5264711818441,294.56874808350227,295.49427863829993,296.28756355427635,296.7882008693548,296.94198084211996,296.98618843186557,0.83666664,0.32267702978985896,0.3979278076269971,14794.354210289905,10244921.729848582,48092.054192982534,213.02732648387254,4,DOMINICAN REPUBLIC,DOMINICAN REPUBLIC,394,Admin0
4,2015-05,DOM,-2.5202824033485953,-2.028042282274979,-1.0723173978991039,-0.9831172745618744,-1.0572380645591937,-1.101611318559786,-1.3912556011391293,-1.2392819543285012,299.04472515122114,0.7502025648445492,0.31393560945007315,4,298.67163843595574,299.4053281705753,299.9257573911632,300.03610800730297,299.81856996558975,299.2469629944025,0.743019342948455,0.756185760172358,0.7410270471215488,0.7523284812909232,0.7805683590784072,0.8064048878515322,10.752060503540916,10.916693566146225,9.225726705816639,11.155761089308802,16.520529867288154,20.329758759961393,302.4844409690086,303.07348773445074,303.76851408785643,303.9357973578014,303.61196379637437,302.80770574760845,295.73750298119546,296.54850899316733,297.0071195255163,297.17379290868735,297.10516557528246,296.7622368406177,0.84193546,0.32267702978985896,0.3979278076269971,14794.354210289905,10244921.729848582,48092.054192982534,213.02732648387254,5,DOMINICAN REPUBLIC,DOMINICAN REPUBLIC,510,Admin0
5,2015-06,DOM,-0.9366184491736418,-1.1916218678348514,-1.847466668159944,-1.7612476376608215,-1.1989532980627013,-1.2254736493548573,-1.2990477078867348,-1.1841465740379769,299.6835557717506,0.7757824051788106,0.3298602878392285,5,299.0197873696395,299.50179006007926,299.7609641083577,299.56905379576415,299.0069740215032,298.1229694750514,0.7855283278148162,0.7525763408390548,0.752984507358199,0.7767996145449073,0.8086622182343515,0.8019293407353071,12.294159303823383,10.517803228128352,10.92732050076608,15.325408000832779,20.514256481813018,13.389522853956466,302.45613838571757,303.2051136806368,303.6115360368074,303.38854028750967,302.57323553782714,301.58684372031917,296.3368026295665,296.6425510872424,296.8973882143704,296.8255298950013,296.53200041549616,295.7170243996724,1.07,0.32267702978985896,0.3979278076269971,14794.354210289905,10244921.729848582,48092.054192982534,213.02732648387254,6,DOMINICAN REPUBLIC,DOMINICAN REPUBLIC,565,Admin0
6,2015-07,DOM,-0.8768073302566205,-0.9483272228675291,-1.8167060551728889,-1.7500470118931688,-1.6024551391691573,-1.5340022653270613,-1.3815057931048982,-1.2329528389007456,300.0785359537786,0.7518635912528446,0.22339869093206796,6,299.39415377174066,299.791323427524,299.7838153302485,299.2871310286465,298.43147852277923,297.55561481375247,0.7555595186018808,0.7593526813477354,0.7759667019625934,0.8038479376808051,0.8000400493145816,0.7870719651653756,8.918493130641696,11.634377044402852,13.893644435547985,18.782173845417077,12.76951789955261,10.644638388210272,303.09567274939366,303.6227541751578,303.6272857621265,302.89000631098736,301.9379266754939,301.2114139016597,296.5588593186502,296.9426193632293,296.99564592920046,296.7610987731688,295.9833647951816,295.1040038902862,1.2774193,0.3176031491585008,0.3979278076269971,14794.354210289905,10244921.729848582,48092.054192982534,213.02732648387254,7,DOMINICAN REPUBLIC,DOMINICAN REPUBLIC,970,Admin0
7,2015-08,DOM,-1.7628711691769707,-1.762846592419808,-1.4372810327332588,-1.6172432588127652,-1.9011222908369552,-1.7113003519828232,-1.691379392426304,-1.4618694578153468,300.41574253347994,0.7551405450424442,0.5785739626725399,7,299.60356148823337,299.75760026442674,299.2452069975943,298.2750660170243,297.3504342312767,296.65728552221555,0.7684965546463906,0.7826967565735703,0.8102244652227286,0.8159048891880339,0.8023470863012274,0.7840611256540233,11.956383554490815,14.646524220778069,20.808963978646453,19.443526284673677,11.849777309489426,9.98853884488186,303.3698791226038,303.5223992596681,302.8265865576411,301.64043452125134,300.78160514268535,300.25763819397434,296.800838456175,297.02029672654743,296.7413944064125,295.96482910160904,295.0721691930618,294.3017105320824,1.6645161,0.3176031491585008,0.3979278076269971,14794.354210289905,10244921.729848582,48092.054192982534,213.02732648387254,8,DOMINICAN REPUBLIC,DOMINICAN REPUBLIC,1493,Admin0
8,2015-09,DOM,-0.5337400501502028,-0.609038562598373,-1.4333612019760238,-1.4291359459440012,-2.0231493248445633,-1.804688581176016,-1.7349981619103738,-1.5999775264776388,300.0163774049564,0.7974565226084108,0.4561979088836723,8,299.62194265124424,299.2670453171899,298.23298157745523,297.3349138585117,296.74561418533995,296.6759412102472,0.7958548264680205,0.8145107572216227,0.8150892310942353,0.7951161448480819,0.7856973262145622,0.771871782936797,13.587502496808058,20.578703089934315,19.188027919915402,10.695796463772412,9.46953316061494,9.702788960092896,303.32093861546616,302.81891103162224,301.547151290981,300.833647791041,300.37020371642836,300.38450817949104,296.9207143515131,296.78963654039995,295.96062470938784,295.0018462433104,294.37284726716683,294.20693631997705,1.8566667,0.3176031491585008,0.3979278076269971,14794.354210289905,10244921.729848582,48092.054192982534,213.02732648387254,9,DOMINICAN REPUBLIC,DOMINICAN REPUBLIC,2246,Admin0
9,2015-10,DOM,-1.003939793868211,-1.0770391418680174,-1.6042768544558297,-1.5693068777065937,-1.910486283246034,-1.839382230071337,-1.668649437913407,-1.4756377987622098,299.78769493276235,0.7898489506798677,0.41794007839806413,9,299.1523655388484,298.32172250987026,297.4130245304555,296.84389270731117,296.6813640846639,297.192693466762,0.8220428764986113,0.8227913059564997,0.8050166784857196,0.788807113949947,0.7729062159208615,0.7569926330475633,20.86643551526106,18.45290043724222,13.23877325772623,9.686998438943602,10.634498263065385,9.83103895992767,302.55552060202666,301.6456036752409,300.84936139894984,300.4437597882311,300.3650474306931,300.94899190701324,296.81273966355843,296.07165077500076,295.127964801453,294.47290849763704,294.22863319683273,294.5760826965965,2.2,0.31236598693975715,0.3979278076269971,14794.354210289905,10244921.729848582,48092.054192982534,213.02732648387254,10,DOMINICAN REPUBLIC,DOMINICAN REPUBLIC,4151,Admin0
10,2015-11,DOM,0.015177729190607964,0.003416081989820483,-0.8205200104563586,-0.9411956627101319,-1.4187177100606045,-1.4162983875378377,-1.62085047865712,-1.433420178088815,298.0279081312271,0.8122085283786187,0.49371530058070767,10,297.91275933529215,297.06914481854756,296.4880414822953,296.46877917120895,296.97857425144736,297.7750001604683,0.8210481343592164,0.7970144618519429,0.7845999203501907,0.7657511921749056,0.7545733828313896,0.7580470821396255,20.323784901316333,11.26289597966547,9.802423228581041,8.495974451778839,10.035399890577711,14.172009788758965,301.2142147639306,300.50596282110325,300.0989612598621,300.2399510970403,300.7590851721152,301.4758269615373,295.6420363815413,294.7791934252401,294.1024937987547,293.9638068489539,294.374136164682,295.0952623108289,2.79,0.31236598693975715,0.3979278076269971,14794.354210289905,10244921.729848582,48092.054192982534,213.02732648387254,11,DOMINICAN REPUBLIC,DOMINICAN REPUBLIC,3467,Admin0
11,2015-12,DOM,-0.3215591421371897,-0.28460165494392725,-0.8332197146103557,-0.8906354096102466,-1.341466204475376,-1.3502047306367415,-1.602876644256743,-1.4508197547801822,297.6881655186994,0.8190250562776151,0.2665263670482821,11,297.0088624557601,296.45926731156476,296.38464445581224,296.90499601960016,297.82150542895937,298.32263675893057,0.7984435834256363,0.7838776097759005,0.7705249865648616,0.7560601451676539,0.7468960838793657,0.7864369289457178,9.18808162623194,8.465226030896622,9.206734481154792,9.646861291998551,9.788177546783118,21.96136800118939,300.5237755101945,300.1262634635247,300.05061482061456,300.7308162310726,301.65426879315316,301.7588899408018,294.64033464530803,294.04393664477715,293.9265015195707,294.2629472520004,295.0129430398235,295.80083949639317,2.5,0.31236598693975715,0.3979278076269971,14794.354210289905,10244921.729848582,48092.054192982534,213.02732648387254,12,DOMINICAN REPUBLIC,DOMINICAN REPUBLIC,2069,Admin0
12,2016-01,DOM,-0.10631888588553573,-0.0872499971362861,-0.3278419201685128,-0.2880525772443113,-1.0609705795971904,-1.1639229015587038,-1.743866826478775,-1.5557803998010031,296.86361506452494,0.7862572742994617,0.18362049934135327,12,296.40626927395874,296.5419747651939,296.9725843036597,297.6906905426401,298.3771492557341,299.17284413421146,0.7795362364902553,0.7702166795361948,0.7594800874882682,0.7651834513694311,0.786789876567758,0.7950936339457189,7.102353247671308,8.81281439626909,11.095301915361848,14.461096810628062,19.40422697678151,18.86705078273354,300.20814166830877,300.26822746160457,300.7576378241971,301.35785488408794,301.7838101522859,302.5051854398267,293.87636209436675,294.0536006745735,294.34577916754523,295.03359931363576,295.8298964057825,296.6626663801245,2.5451612,0.30716289339294656,0.3675094056575454,15590.62052823722,10361268.810314769,48092.054192982534,215.4465843512806,13,DOMINICAN REPUBLIC,DOMINICAN REPUBLIC,1536,Admin0
13,2016-02,DOM,-0.4988937935106072,-0.6307317318952993,-0.6232881916394779,-0.6352310232514182,-1.1035296286433656,-1.2012087009108452,-1.9769574645113204,-1.7070835087305942,296.9898953978467,0.7818272045819904,0.22386137818525498,13,296.62495303381036,297.00592368158885,297.7178999352453,298.3401627402498,299.1404946809481,299.5689639378573,0.7658766260596348,0.7508188811401573,0.7630444323981649,0.7920260734378554,0.7915796607935761,0.7622269377969603,7.041840122068911,9.801300139891554,15.067668205082287,25.05803997590757,15.92277912385767,11.837097008885193,300.4601264330699,300.8603830027775,301.39671762325946,301.6992421489554,302.4682399211606,303.2173368921337,294.01252956285254,294.331622686562,295.03089985008575,295.8333834039802,296.60249584804734,296.80223332705276,2.362069,0.30716289339294656,0.3675094056575454,15590.62052823722,10361268.810314769,48092.054192982534,215.4465843512806,14,DOMINICAN REPUBLIC,DOMINICAN REPUBLIC,1178,Admin0
14,2016-03,DOM,0.577329111260132,0.4566993015221177,-0.02254035151162902,-0.1856826378197154,-0.7456094992949899,-0.82203186207441,-2.0215118416960562,-1.7532079785174381,297.75923857069273,0.7538155709665862,0.2773881264503575,14,296.7827379913676,297.54518466185243,298.2418812469443,299.0470076574098,299.5385555541679,299.65978562881224,0.760460580286742,0.7793498624329153,0.8128486197777591,0.8035498215449813,0.7710280008473084,0.7723348770697896,12.830276143740768,22.748271547751802,30.830975919272003,20.06811940347455,12.704731113392334,15.146391421664141,300.5216232883679,301.14147355171195,301.4655817116302,302.29150564180037,303.12791011148335,303.396992618544,294.17157445847306,294.97354590547707,295.8619339516284,296.5640948161983,296.7779848056387,296.8976939533824,1.6838709,0.30716289339294656,0.3675094056575454,15590.62052823722,10361268.810314769,48092.054192982534,215.4465843512806,15,DOMINICAN REPUBLIC,DOMINICAN REPUBLIC,683,Admin0
15,2016-04,DOM,-0.13143833826783952,-0.16634491040235416,-0.05587275484666333,-0.2630670728670931,0.46590781688496674,0.44797969546546673,-1.3717098142926794,-1.3939632929521573,298.1751209035381,0.7824128171777345,0.8052227548233246,15,297.57397669369857,298.41563806396204,299.14419380196574,299.5234985137878,299.7021220397054,299.48679052083673,0.7900692144242437,0.8021016845174008,0.7873779208770738,0.7544935281993991,0.7566050674106647,0.7785515447169058,20.774065917336557,25.446718887230148,15.267754997870648,10.414458584881631,12.375480075011929,16.01741038714494,301.07939500693647,301.68717493668885,302.5321041666322,303.23075545425667,303.5424401824153,303.26915491822683,295.0324695309808,295.95460803156675,296.5270725874303,296.6615699133108,296.8380539181707,296.7477802865231,1.0566666,0.3021165082416853,0.3675094056575454,15590.62052823722,10361268.810314769,48092.054192982534,215.4465843512806,16,DOMINICAN REPUBLIC,DOMINICAN REPUBLIC,929,Admin0
16,2016-05,DOM,1.613290513687271,1.5296792078125145,1.41863190031946,1.334569092924543,0.6611631523465561,0.674103158692764,-0.8082285646038426,-0.8780990091090809,298.72932797808886,0.8284199901521907,0.8946580518429915,16,298.0678512018719,299.07885652369123,299.4261079999783,299.62103747589015,299.4438654111158,298.83627091415315,0.837544177152168,0.8032548444118661,0.7762030959327669,0.7796789182105771,0.7935065277696105,0.8154065699593319,32.10270464993155,15.628227179636555,13.362121381853925,16.356407692068533,18.647963588351512,21.60531599188073,301.18190118826334,302.3627621074202,302.9586248766122,303.2705740142679,303.0841243896599,302.29884306489487,295.79603551045454,296.532041620711,296.6951168050422,296.94696147862624,296.8209793691952,296.40189246567724,0.2483871,0.3021165082416853,0.3675094056575454,15590.62052823722,10361268.810314769,48092.054192982534,215.4465843512806,17,DOMINICAN REPUBLIC,DOMINICAN REPUBLIC,437,Admin0
17,2016-06,DOM,0.2627925662295011,0.45081580015968875,0.8981765023310231,0.9550286438839555,0.6618583563400946,0.7050473356717875,-0.5302384212332678,-0.5898801711424653,299.2531013187074,0.8181121059667332,0.632532139784227,17,298.9328461774133,299.2508529262908,299.5591493243699,299.45225349830855,298.81464147612496,297.819816402506,0.8154440485586788,0.7911948953414987,0.7887419147196243,0.8033402219762487,0.8232286496865311,0.8145962760574667,17.528108657779082,15.170795852556369,17.148444302124997,19.260524510647468,24.983955068955588,15.348684469430271,302.14110909421316,302.6542989340546,303.149802656825,303.02802638566226,302.21346365180625,301.1319418701534,296.40373703933835,296.62083783818696,296.89916080981544,296.87407657003155,296.4469804197967,295.5412359534491,-0.013333334,0.3021165082416853,0.3675094056575454,15590.62052823722,10361268.810314769,48092.054192982534,215.4465843512806,18,DOMINICAN REPUBLIC,DOMINICAN REPUBLIC,623,Admin0
18,2016-07,DOM,-0.26207311595630106,-0.06188736487242792,0.72478863388743,0.8341159765873932,0.5276780184450396,0.6010638861230579,-0.3199401501862565,-0.3782551781475758,299.82540215258496,0.796114393944164,0.43180857878698836,18,299.28897118612275,299.55467876923825,299.4617009045536,298.90951825862817,297.86736444865414,296.85921726056745,0.7974722623397422,0.7943995832468002,0.8039898569558861,0.8184014446642157,0.8071056402065105,0.789735301976611,13.744184733355512,18.13067095669669,19.405127253557385,20.421508108137665,14.398370386294028,9.757241474145102,302.6606746435684,303.087370218058,303.04190165330976,302.3402190098553,301.2569070476483,300.39181566212665,296.6780283412876,296.9484685345632,296.8720882275005,296.4809991333942,295.5151202141134,294.5003402153001,-0.47419354,0.2969197525007057,0.3675094056575454,15590.62052823722,10361268.810314769,48092.054192982534,215.4465843512806,19,DOMINICAN REPUBLIC,DOMINICAN REPUBLIC,428,Admin0
19,2016-08,DOM,0.47102255633475143,0.6064542925451013,0.156572200565272,0.35458913009817056,0.6221767813429974,0.6918559070652358,-0.15244627554457402,-0.1816631208418407,299.6549546249343,0.8117461785641964,0.7769993652801571,19,299.3693244865919,299.3522387517781,298.84219882878796,297.780273459279,296.7461624406803,296.14488877862607,0.8095812731083298,0.8154746038804237,0.8266847290548586,0.8143365046289942,0.7935148732058569,0.7758596491943085,20.23723600327157,21.17996059389774,21.946607325698327,15.51035795168654,10.089258458781677,7.941292612373413,302.7776658486319,302.82123772924945,302.22118255981763,301.08244236290284,300.2310240445672,299.86372597064116,296.8419688795616,296.82673983404334,296.46502329075685,295.4959625512419,294.4133608306873,293.6744126047287,-0.5419355,0.2969197525007057,0.3675094056575454,15590.62052823722,10361268.810314769,48092.054192982534,215.4465843512806,20,DOMINICAN REPUBLIC,DOMINICAN REPUBLIC,251,Admin0
20,2016-09,DOM,-0.15037443560007627,-0.05609962752779638,0.005516992274635522,0.09126263184109926,0.2874135284798918,0.348402387438405,-0.19144630121215678,-0.1930679613795991,299.8486177008207,0.7987817563700579,0.40616796988307885,20,299.0913763899588,298.7989039346202,297.7441371570079,296.67252968643163,296.12427797623184,296.1023105711813,0.8332387932154052,0.8326771672155854,0.8181785331113088,0.7924452723365852,0.7811593948504322,0.7653146403596549,27.05924746471905,22.492456473583456,16.174677896764965,8.60547245022821,8.352942621303123,7.623501859718864,302.4055615441118,302.13701789679965,300.9998707693159,300.1575064483337,299.7879522156674,299.8990025637284,296.724510105383,296.43143565960986,295.47986383072725,294.313655258869,293.6867229485676,293.54234683018063,-0.41,0.2969197525007057,0.3675094056575454,15590.62052823722,10361268.810314769,48092.054192982534,215.4465843512806,21,DOMINICAN REPUBLIC,DOMINICAN REPUBLIC,194,Admin0
21,2016-10,DOM,0.2335997198416483,0.29973760747176453,0.26616593860640575,0.3299822692691561,0.5108912424851992,0.6291176534674962,0.5854273359561465,0.6443065066141619,299.1899780870382,0.8513905729793267,1.2385140276842863,21,298.45662573626316,297.5754105959665,296.4424195026893,295.8090487287285,295.9107872165231,296.46303752586084,0.8498714185128889,0.8261411320193905,0.8077465404544717,0.7889499553779905,0.7696601154959591,0.7500467025968455,38.131749899118255,17.842639972169305,11.49477878148186,9.430446292509105,8.02773441515271,7.866672846510158,301.5168874194089,300.72342107875926,299.7572461128741,299.3838513179321,299.6414902789933,300.2960840556591,296.34120880970113,295.402870055153,294.20696263780115,293.4222647195769,293.3709277238023,293.7175125811734,-0.6967742,0.2918150611172367,0.3675094056575454,15590.62052823722,10361268.810314769,48092.054192982534,215.4465843512806,22,DOMINICAN REPUBLIC,DOMINICAN REPUBLIC,205,Admin0
22,2016-11,DOM,1.18428711287301,1.196215277399443,0.8340120951046827,0.9032971538144534,1.0316206452494117,1.101971771633398,1.0387586536923126,1.1092351133994078,297.81120918203817,0.8612548396301184,1.1456589659812326,22,297.3607674043372,296.21603450884413,295.61421813171506,295.76460031834927,296.3066931792171,296.95345213181986,0.8420785443430222,0.8025622508661018,0.788262329847554,0.7731827960227614,0.7549284320916724,0.7456085539707684,23.48398068269296,9.814006356905878,9.43365018336731,7.7395119696771015,8.732376021907285,9.61981732308666,300.3705735253776,299.50180829028176,299.14210933387074,299.45874865998655,300.09924256869556,300.74848018269176,295.33128658513476,294.0107570348559,293.2623048475143,293.2595523221195,293.5989067977131,294.124260834052,-0.67,0.2918150611172367,0.3675094056575454,15590.62052823722,10361268.810314769,48092.054192982534,215.4465843512806,23,DOMINICAN REPUBLIC,DOMINICAN REPUBLIC,164,Admin0
23,2016-12,DOM,1.264420598135931,1.3277943702898676,1.3869979685850922,1.3781619643831107,1.1002522792668425,1.1435545807329865,1.0749227968696782,1.1267256092043334,297.5148350835203,0.8349398518977721,0.3089904632079892,23,296.26713836298336,295.3766851415312,295.7098054339344,296.19686398174923,297.00322563085723,297.99796228781105,0.8242875080372137,0.7960225668096423,0.7792147944087624,0.760232074453143,0.7511998289671485,0.7746237896147868,12.390146629914309,9.25519719778003,7.763365799963511,8.961191324361792,9.476993758247808,15.769930814374591,299.3281800517287,298.78115276947955,299.37601877934975,299.93568751603436,300.77131504420186,301.56533343507795,294.24074672192717,293.1108536866496,293.19972999646524,293.52468275081986,294.17054457170246,295.24929778843386,-0.41612902,0.2918150611172367,0.3675094056575454,15590.62052823722,10361268.810314769,48092.054192982534,215.4465843512806,24,DOMINICAN REPUBLIC,DOMINICAN REPUBLIC,168,Admin0
24,2017-01,DOM,0.6024044196838572,0.6229759968848957,1.3233782264977323,1.3107619832080595,1.2040900315013983,1.2207924501540366,1.0804266188019718,1.1186873383055387,296.0253540220939,0.7841900757307952,0.24955624395201162,24,295.45879930327,295.72927165644853,296.1814744932375,297.023323909101,297.9981788780735,298.84189293010326,0.7925156793765886,0.7786055965598339,0.7530508903432734,0.7456528636012845,0.7717518001033484,0.7751464131718048,10.705226020289588,8.430622345795516,8.830808784577087,9.226559138096968,15.435738911356916,13.429820141051557,298.9456414398169,299.3992437724936,299.9685380772707,300.83909593316343,301.56761036497494,302.37478833737146,293.1289132974157,293.2149459151094,293.4560358643406,294.1418244500392,295.26134758525194,296.1191867696175,-0.26774195,0.28877055673098156,0.4007882708699683,16236.938715647937,10475105.485095356,48092.054192982534,217.8136422091917,25,DOMINICAN REPUBLIC,DOMINICAN REPUBLIC,91,Admin0
25,2017-02,DOM,-0.7947905325153397,-1.1226467671674922,1.0301902553317566,1.0035408301919713,1.1257067987085532,1.148887192462162,1.0511549746649556,1.111582982302647,296.9307852699719,0.7887389428147146,0.2153092200030695,25,295.86949045235997,296.36638679557706,296.99509390489675,298.0198533884346,298.8670979605343,299.382003095632,0.7818718300402223,0.7565082419302385,0.7599102180214315,0.7809278876135923,0.7821652108064572,0.759225192014757,8.389738309084107,10.047578442372934,12.810449206374315,17.588317469105863,14.331231475709062,12.032721685702015,299.62812234817915,300.1699607990541,300.6610564191445,301.52624537730816,302.3335422881015,303.09166303945665,293.3061111271258,293.6505417501306,294.253231442792,295.34672597206657,296.18820542554084,296.5446515051026,-8.524927e-17,0.28877055673098156,0.4007882708699683,16236.938715647937,10475105.485095356,48092.054192982534,217.8136422091917,26,DOMINICAN REPUBLIC,DOMINICAN REPUBLIC,62,Admin0
26,2017-03,DOM,0.4533383807898903,0.6369862542276244,0.18889395056846334,0.1571400261779773,1.8336391049323457,1.6914857025796703,1.2548665274143962,1.3333089431993685,297.0508193142971,0.7799890352886032,0.5022761169798946,26,296.1661970550174,297.02530811749864,297.9573994777097,298.8817796223783,299.44206901703024,299.668330536735,0.7645423602732594,0.7652474232557869,0.7937133990675597,0.7908772341347415,0.7628400419535531,0.7614417850026228,13.466070192144358,13.57278333445771,21.270142376235498,15.319293410622041,11.321490486979007,13.252505187279862,299.84553294858716,300.697909214423,301.3877072183357,302.2758996089143,303.1087965608236,303.47744801578534,293.5747810927132,294.267798972237,295.3554851572055,296.2684538072507,296.6380006431982,296.844799571944,0.15483871,0.28877055673098156,0.4007882708699683,16236.938715647937,10475105.485095356,48092.054192982534,217.8136422091917,27,DOMINICAN REPUBLIC,DOMINICAN REPUBLIC,84,Admin0
27,2017-04,DOM,0.5062254158171123,0.437062337288521,0.1671507445557324,0.12207356125253215,2.235513386796522,1.9479720324384566,1.4348017729477887,1.4725174455103298,297.80128933783647,0.8028797407999602,1.004236309570527,27,297.2806996914959,297.915850768857,298.88688627498396,299.38336667455,299.57451764120367,299.385893620312,0.7764917539275461,0.8043665551694944,0.7900505835302783,0.7644348238945762,0.7669752732124229,0.7887869242926573,14.98968095102842,23.940637183239335,14.88926381493076,12.408532657584924,14.114248316589972,18.077526681462547,300.9068571046882,301.24641994518413,302.2937361320212,303.0294884133546,303.3636159219314,303.09435892252117,294.57585954765136,295.374107827508,296.242037245224,296.5872149676526,296.7717121421277,296.71214055116684,0.32666665,0.2855055518418136,0.4007882708699683,16236.938715647937,10475105.485095356,48092.054192982534,217.8136422091917,28,DOMINICAN REPUBLIC,DOMINICAN REPUBLIC,82,Admin0
28,2017-05,DOM,2.098330191195586,1.9373822978407962,2.1084418000906884,1.9729804001241362,0.9451528814153228,1.0553525423949375,1.2658943244798317,1.3543464914190817,298.66244892150837,0.8242911322056733,0.6487970812770515,28,297.7292550206673,298.71819706153343,299.15357382379034,299.5061221325064,299.36779604769157,298.8646151454664,0.8431393171571134,0.8212332294851696,0.7939335479750196,0.7881698732742397,0.8074193792819762,0.824911869990578,38.381571870730156,21.280379360943854,16.358550027818556,16.320640439601906,21.52013266011733,23.567411297485787,300.8824854630767,301.8812495422946,302.5753641954516,303.10001036613556,302.9411375752191,302.24742293277217,295.43444361980926,296.3121108838326,296.5497784687546,296.8400842093302,296.81804188628615,296.49503237093603,0.37741935,0.2855055518418136,0.4007882708699683,16236.938715647937,10475105.485095356,48092.054192982534,217.8136422091917,29,DOMINICAN REPUBLIC,DOMINICAN REPUBLIC,151,Admin0
29,2017-06,DOM,-0.9854480577693364,-0.9531394258800241,0.8370303686038248,0.9864293468904438,0.6489303774354994,0.8060846857712456,1.14774680196211,1.2205680589375782,299.48216458257383,0.7996393193503951,0.44178375155059335,29,298.9749324551913,299.3814717541972,299.58824577742473,299.4182921766623,298.78433523298355,297.77948495116925,0.7989761842747194,0.7917156187282158,0.7914474875344797,0.8123001535297716,0.8334540413272478,0.817304129339491,15.774928772686474,17.902645760271877,19.24385912395709,23.160563160099674,28.76353631734328,17.37426878428055,302.381544133421,302.89190468312484,303.18545994911625,302.9632010782163,302.08969430506403,301.0090572343529,296.2989602878056,296.72824320228267,296.9273035186837,296.8863286465201,296.49299029118157,295.5593746894378,0.4,0.2855055518418136,0.4007882708699683,16236.938715647937,10475105.485095356,48092.054192982534,217.8136422091917,30,DOMINICAN REPUBLIC,DOMINICAN REPUBLIC,131,Admin0
30,2017-07,DOM,-0.0010787694102766514,0.22517578715769856,0.5167059087829828,0.693008269165105,0.5785481830353315,0.7573378374998644,1.1958254668597805,1.2545265444335383,299.8094474036982,0.8116922452424242,0.5157325076977606,30,299.1453186631374,299.6020991863738,299.5045960099546,298.9171534893414,297.83443543729993,296.7661167609974,0.7997881513748245,0.7899976580535681,0.8060319552634222,0.8285052450463514,0.8182539832584008,0.7923169655363841,19.450631371452108,17.282833928157885,20.748915627394272,25.619358480750968,18.617666987660904,9.740213676889663,302.55993477400847,303.21489457645316,303.1057980563327,302.3097893442527,301.08667516700564,300.23739039187177,296.5614056203785,296.94292131419263,296.934612685074,296.5631859341031,295.60099077145475,294.45099546455253,0.29677418,0.282397802958093,0.4007882708699683,16236.938715647937,10475105.485095356,48092.054192982534,217.8136422091917,31,DOMINICAN REPUBLIC,DOMINICAN REPUBLIC,145,Admin0
31,2017-08,DOM,0.24784914128969493,0.3222544420176886,-0.5229063881597196,-0.3746296134815374,0.5717776204408745,0.7062621041675716,1.1386369873003188,1.1845185294931397,300.1083341763001,0.8118676930739193,0.6643930371918312,31,299.34090324542285,299.34971510752536,298.8334096137868,297.7707795127904,296.71601543754036,296.00200914444116,0.8111490292755416,0.8104721207993798,0.8266890473977255,0.820047597302299,0.7914747501070319,0.7774861015600615,23.844677469116498,20.09258639647805,24.886437165211433,18.904156359449228,9.90180740656828,8.986037595262431,302.76950880091755,302.8969080598421,302.22158788289016,301.0476960539181,300.2052581949822,299.6539883553254,296.8655002111013,296.78883479699783,296.4595305463529,295.52942879092785,294.3791558486861,293.58953329261897,-0.05483871,0.282397802958093,0.4007882708699683,16236.938715647937,10475105.485095356,48092.054192982534,217.8136422091917,32,DOMINICAN REPUBLIC,DOMINICAN REPUBLIC,123,Admin0
32,2017-09,DOM,0.44589965877056165,0.5559952813252046,0.2522557681562512,0.3228551905767727,0.6877678438093782,0.8053055756802513,1.5652644848222543,1.5880267776067885,299.8855322085442,0.8287701090127417,1.0674578006871387,32,299.1836219558307,298.62138817516956,297.5699062053483,296.59521000769075,295.92598497938667,295.8326099521873,0.8282435848443752,0.8357094293088143,0.8218475914678648,0.7968232911312414,0.780129106859194,0.7620436425289391,28.878298440460657,28.125255265650345,18.440083253502383,10.042148288540606,9.004308371798848,7.791703538051127,302.55140532983944,301.8987959664413,300.7722743974321,300.0380747970191,299.5432603684443,299.6092471719003,296.8251207993849,296.32946107445696,295.3624421774271,294.2864503442435,293.53709007011116,293.27774754826476,-0.30333334,0.282397802958093,0.4007882708699683,16236.938715647937,10475105.485095356,48092.054192982534,217.8136422091917,33,DOMINICAN REPUBLIC,DOMINICAN REPUBLIC,143,Admin0
33,2017-10,DOM,0.9819184395503596,1.006475440691891,0.7887517671597316,0.7941916609737961,0.2062982781409723,0.3095153029266365,1.2186144316142067,1.2395394560523034,299.014109924523,0.8425870340838334,0.7096872667275584,33,298.4302493897968,297.44461960119526,296.4065383621755,295.85629461692605,295.8531938098957,296.40519654077906,0.841659725537404,0.8211510124142072,0.7980056896297116,0.7834668282191124,0.7620762078174134,0.7463414315417415,25.241187042282604,15.417424045140319,10.640552742987623,9.27782976403977,7.397628913555447,8.039988125796778,301.6646227928451,300.656412762088,299.84253272427054,299.4739114585517,299.6419100380732,300.29117438515885,296.16862474579983,295.2310811284873,294.096103902535,293.4624283039216,293.2765058987447,293.6370763318537,-0.37096775,0.2795234791886782,0.4007882708699683,16236.938715647937,10475105.485095356,48092.054192982534,217.8136422091917,34,DOMINICAN REPUBLIC,DOMINICAN REPUBLIC,161,Admin0
34,2017-11,DOM,0.2761849916776173,0.3785180084735058,0.8336957584264489,0.9190830381436358,0.8307770892890289,0.8851048145113507,1.0672232248149933,1.1554842136961625,298.05305285603197,0.8579328725373154,1.0449675516622658,34,297.20994206389565,296.3590972310956,295.85303698145356,295.75478008491416,296.2286330634603,296.9984268333131,0.8185909005873988,0.7972277418635451,0.7804591728123917,0.7649600248587772,0.746124606228753,0.7462178268010317,17.0241780371107,9.951879223554322,8.716356741929502,8.483025879070812,8.869155659364218,9.921670026258202,300.428712657746,299.83857283787404,299.4880300199669,299.50494549747305,300.0758715100734,300.8135291403848,295.02047047046295,294.0208062695874,293.4466539610016,293.2106599113485,293.5043593898241,294.14656469552676,-0.89,0.2795234791886782,0.4007882708699683,16236.938715647937,10475105.485095356,48092.054192982534,217.8136422091917,35,DOMINICAN REPUBLIC,DOMINICAN REPUBLIC,112,Admin0
35,2017-12,DOM,1.4645248990712707,1.4203320963870738,1.307016815790289,1.316488752663617,0.9791216124931927,1.014060661072096,1.0011960263940145,1.077423047192555,297.39806685796026,0.809767507613778,0.22339480120836133,35,296.37000653416203,295.8933282531538,295.94337430140286,296.35350766818567,297.01774449918145,297.9641254345243,0.8107064291400499,0.7913403835766728,0.7733165925073898,0.747470337981806,0.7530360417320816,0.7836988837912424,10.636039657160529,10.102094417025013,9.994796605009139,8.42414732854199,11.441859747394204,18.78118591193951,299.7038875227828,299.44098545279627,299.63473414365507,300.21329569489575,300.7822071686653,301.47589147065366,294.1368544107396,293.54187402252046,293.4308180293571,293.60832066280454,294.20779786732174,295.2881263027864,-0.983871,0.2795234791886782,0.4007882708699683,16236.938715647937,10475105.485095356,48092.054192982534,217.8136422091917,36,DOMINICAN REPUBLIC,DOMINICAN REPUBLIC,78,Admin0
36,2018-01,DOM,0.39349312770012973,0.37219648789425525,0.8721567703434642,0.9337886425313492,1.3324681276842627,1.324996983618735,1.1910594394075835,1.3119016165276896,296.8455649120753,0.8405674170614816,0.5253383087512048,36,295.9337679266057,295.9054219978897,296.2273043681491,296.9224509279674,297.93840319604135,298.8359275675547,0.8164354480855702,0.7761152565686089,0.7525455466054309,0.7565823235335768,0.7795920240328046,0.7719561677539585,16.806275242005324,8.593295200058295,10.157264899075194,11.822540479507829,17.07442193511314,12.54373772059818,299.2493860623652,299.57942084763084,300.04368467496494,300.6444876233775,301.4753140851501,302.3954345109948,293.7839180016731,293.3809803485765,293.51077636612945,294.1277580930182,295.22772835223054,296.0706411093218,-0.7483871,0.2755244387281188,0.40667778879834887,16996.280778732184,10589115.979400894,48092.054192982534,220.18431437570055,37,DOMINICAN REPUBLIC,DOMINICAN REPUBLIC,67,Admin0
37,2018-02,DOM,1.4750829101338598,1.3785487688530778,1.7759318698910083,1.6167825069153057,1.6125154483269415,1.5349537710959034,1.2896778193211496,1.4275562601550453,295.978589911749,0.7973909220675097,0.40531584266908083,37,295.5174513817277,296.22432735313396,296.95726688520205,297.8219221637336,298.78798752896085,299.2449756454621,0.7691959260058984,0.7576932720595415,0.7657089834340159,0.7837162218742693,0.7785805628360589,0.7582191818105702,8.445119550014333,9.489628060761643,14.014689034627002,19.327301009120816,13.215854702326553,12.01877192091893,299.12476304468987,300.02647864572316,300.6429621492331,301.3182690575732,302.3056983397916,302.96209727408313,293.034501828369,293.5003062153709,294.22495565793,295.1426328093075,296.0458024890297,296.3804453882847,-0.6785714,0.2755244387281188,0.40667778879834887,16996.280778732184,10589115.979400894,48092.054192982534,220.18431437570055,38,DOMINICAN REPUBLIC,DOMINICAN REPUBLIC,95,Admin0
38,2018-03,DOM,0.6447208928829693,0.6968883870855156,1.1551585756327662,1.1968817218919503,1.1424103405258261,1.1700118948939269,1.1258565877208184,1.247888229284008,296.93379935370467,0.7649904744204166,0.22967280749133162,38,295.77929824307074,296.7586221376074,297.80957109708487,298.7190622266552,299.1605419346048,299.41380666522326,0.7453401491827496,0.751500894373108,0.7863570423413051,0.7764852813646144,0.7596539847760404,0.7648056361065919,7.1683653912737055,10.713144712697598,18.52237797962203,12.841557012699583,12.363516940457881,13.90655576587201,299.73436583289987,300.5570026561603,301.3181382568151,302.2510199715898,302.87957737274843,303.21989708856074,292.9473430519796,293.9223343314953,295.1230264627852,295.9845226583888,296.32165721346524,296.595424986542,-0.7903226,0.2755244387281188,0.40667778879834887,16996.280778732184,10589115.979400894,48092.054192982534,220.18431437570055,39,DOMINICAN REPUBLIC,DOMINICAN REPUBLIC,145,Admin0
39,2018-04,DOM,-0.17126527906516206,-0.13678989039329298,0.9176586647369194,1.0755132691329128,1.3700775258561673,1.3150512234916025,0.6524301626287375,0.7683515503978865,298.0574441566452,0.7868997153310685,0.36427519901920086,39,296.9573967901214,297.96684296434216,298.8554890578111,299.28307307676795,299.54188425273026,299.4312031927723,0.7745510292504904,0.7900722242783459,0.7748870955478515,0.7569777250691448,0.7601678377921149,0.7821199024696682,13.304358839877242,18.58282005622332,12.38845571235051,11.657322256437165,12.932384523860808,16.641443860842564,300.67162561103385,301.4535102406607,302.41110432389956,302.9995996129143,303.40421587458343,303.2270598991917,294.1655001754459,295.2773236957682,296.061311626166,296.42635511313324,296.6797676166659,296.69668216545773,-0.5233333,0.2716256254131468,0.40667778879834887,16996.280778732184,10589115.979400894,48092.054192982534,220.18431437570055,40,DOMINICAN REPUBLIC,DOMINICAN REPUBLIC,106,Admin0
40,2018-05,DOM,0.046750436658475454,0.1939908313178267,0.14080185323294725,0.3099086998217332,-0.05552261415801574,0.12410338497606127,0.5463057722023249,0.632920497363652,298.2893000367851,0.8110148897315897,0.5171731566952774,40,297.694631372511,298.8219500082554,299.2938655821229,299.54773947841664,299.4180846291835,298.83761329938244,0.8008146558007445,0.7659453385316547,0.7474244047786422,0.7553878197877173,0.7816552969301896,0.8068306464145786,23.68974916645286,10.01066772387203,9.954094798950353,12.146654084603755,16.065325126569128,21.424241515058398,300.9739079515501,302.4338864070012,303.09350708336973,303.4316924381805,303.22245331567586,302.39747684674546,295.14944339872585,295.9985796744809,296.3724329572212,296.6589610823092,296.6787993072246,296.34345593411217,-0.17741935,0.2716256254131468,0.40667778879834887,16996.280778732184,10589115.979400894,48092.054192982534,220.18431437570055,41,DOMINICAN REPUBLIC,DOMINICAN REPUBLIC,79,Admin0
41,2018-06,DOM,-1.3238532831195924,-1.263150631661267,-0.9072294688340875,-0.7542999657453634,-0.22589053881673302,-0.015998075756530693,0.5222945288294006,0.6231740541262814,299.4422312084688,0.7899661644828672,0.38671942512565594,41,299.0179882738946,299.343182105791,299.56141846502766,299.3491724330919,298.8134653381697,297.8024124474549,0.7612494694939784,0.745760021584489,0.7552804570934489,0.7814669295916167,0.8085894372443418,0.8016401057443818,9.082040496590109,9.973646318550154,13.022845627094718,16.60452251675261,21.382790052559706,14.444628436754195,302.67832349015504,303.18134428683544,303.45316927035515,303.1443234826609,302.38752388877634,301.2643023952586,296.13093405273213,296.41814218064644,296.68840899620875,296.5878509470339,296.30459371511307,295.4063260366201,0.13,0.2716256254131468,0.40667778879834887,16996.280778732184,10589115.979400894,48092.054192982534,220.18431437570055,42,DOMINICAN REPUBLIC,DOMINICAN REPUBLIC,72,Admin0
42,2018-07,DOM,-0.053218770331095545,0.1396043137540135,-0.7985272639188015,-0.640708131865642,-0.8564794767783632,-0.6933604800943461,0.3788260794097883,0.47289623365601585,299.88040408727204,0.7830424363718281,0.37403898401805574,42,299.20710419370414,299.51658511332624,299.3874191298023,298.8050410032019,297.794606361233,296.66973270838207,0.7669809258779242,0.7607848685700145,0.7807235712564955,0.8107653123145127,0.809654653179601,0.7842343401511364,11.5141315934088,11.307579064554323,15.724415445350536,22.048582057302976,15.341853155411505,9.777363234198049,302.864587803907,303.345730115232,303.1984610328775,302.36462155310056,301.20055750906465,300.24831794483885,296.4282963816799,296.6381504489226,296.6096880398509,296.30246046150756,295.42280401601664,294.26582899394043,0.24193548,0.2674745368724993,0.40667778879834887,16996.280778732184,10589115.979400894,48092.054192982534,220.18431437570055,43,DOMINICAN REPUBLIC,DOMINICAN REPUBLIC,82,Admin0
43,2018-08,DOM,-0.7621313791411078,-0.7149286931691768,-1.0377505225294177,-0.9695096155462938,-1.0551837831778585,-0.9176482459037738,0.32269287459276763,0.43014779599028913,299.63388681352865,0.7918419252298813,0.6137736373998773,43,299.1428721059586,299.2455081895095,298.78582918492395,297.78719096125553,296.84621565441716,296.17929877463797,0.7755605972171675,0.7923202923334827,0.8136588076183416,0.8100246632652953,0.7856470836669383,0.775500526166574,14.195072318204835,16.781666093088802,21.580373358226424,15.496798226691267,9.168018362503558,9.591454902226687,302.86225129796225,302.97697083536957,302.3243428403124,301.1827150632862,300.4400554440093,299.9141826810088,296.3492326202887,296.5221573056549,296.2844847863008,295.4388081208185,294.4305378966209,293.7019977257013,0.3,0.2674745368724993,0.40667778879834887,16996.280778732184,10589115.979400894,48092.054192982534,220.18431437570055,44,DOMINICAN REPUBLIC,DOMINICAN REPUBLIC,99,Admin0
44,2018-09,DOM,-0.4494280313458031,-0.3443637598170485,-0.6455307165662256,-0.5698818011297339,-1.0401880926865383,-0.8906746556266746,-0.10466908083772833,0.019079880093530177,299.3580335564849,0.8158891623985116,0.6287085840212602,44,298.9003065346743,298.53296074198295,297.66436110680377,296.6767560035256,296.09372045153293,296.0183379220639,0.8138234253845328,0.8224732539096241,0.8140497583053052,0.7908306879909709,0.7788263665683819,0.7604039241834143,19.441102893353836,23.295561023728407,15.299490666824154,9.433975994435801,8.741081886959517,7.55356592398122,302.47083677502366,301.95488050421625,301.0298637245386,300.2260807128422,299.81412144781757,299.82861171352016,296.3020586096948,296.12098112818455,295.33372890509196,294.2802104797508,293.6210411236669,293.4311493770901,0.33333334,0.2674745368724993,0.40667778879834887,16996.280778732184,10589115.979400894,48092.054192982534,220.18431437570055,45,DOMINICAN REPUBLIC,DOMINICAN REPUBLIC,112,Admin0
45,2018-10,DOM,0.7963017628117205,0.9357521304561874,-0.019710265086240512,0.05934374609778042,-0.7083281326257975,-0.6044476527372472,0.08405107204332346,0.1939110296830272,298.4852329386099,0.8372897193555591,0.8818139545596938,45,298.0447673249158,297.4454335106918,296.6146252571738,296.0350873874963,296.1054706327712,296.6743534060927,0.8476347087532983,0.8208513186715916,0.7991891286428964,0.7870309432216701,0.7668853339390262,0.7522471637954246,34.32485709121903,14.076373654344755,9.718403691640262,9.433476024153965,7.2641136317754205,8.637193882847358,301.19884118547117,300.73888128610463,300.08066073946594,299.6329530653298,299.8979513438746,300.49070646971944,295.8555901629155,295.14176178158334,294.2644455271261,293.63989532799786,293.51884828534014,293.9560652881283,0.8096774,0.2635159763892387,0.40667778879834887,16996.280778732184,10589115.979400894,48092.054192982534,220.18431437570055,46,DOMINICAN REPUBLIC,DOMINICAN REPUBLIC,184,Admin0
46,2018-11,DOM,-0.4953974664971785,-0.5389590754481547,-0.07102016764168298,0.024811532273976616,-0.5721919233993776,-0.5511501318098724,-0.49376848699005865,-0.47092828101765455,298.23469828201036,0.8223269290028244,0.3980582363508136,46,297.26998843417044,296.4167595626131,295.90843832669015,295.98653114056486,296.5647757309111,297.35238702175485,0.8145104734540652,0.7913950683590961,0.7779728227845115,0.7595318456336927,0.7474959290956504,0.7458380809807622,16.34944076210163,8.597523523991565,8.264236848289867,6.566433010991332,8.054788181736077,10.344103484230962,300.5990229318845,299.9534473330689,299.6125560006342,299.83943003663205,300.4899209597142,301.1736041829539,294.9863156594013,294.04023905158084,293.4475377140208,293.3822755497871,293.80064151662674,294.53045552480285,0.92,0.2635159763892387,0.40667778879834887,16996.280778732184,10589115.979400894,48092.054192982534,220.18431437570055,47,DOMINICAN REPUBLIC,DOMINICAN REPUBLIC,265,Admin0
47,2018-12,DOM,-0.4628899379247485,-0.5863288545718366,-0.09402089264669831,-0.1150101441652335,-0.5481962225508762,-0.5543125410994977,-0.532011248190051,-0.4833699668707977,297.33493343518444,0.7897634884511238,0.18487683113500816,47,296.4900349858353,295.9740881441534,296.00249837274123,296.49578236260226,297.27766121307707,298.03828113431854,0.7822495352820078,0.7734010979324702,0.7651597958637807,0.7472963248331342,0.7418526919762739,0.7746896883865267,7.040771640338296,7.22767108120335,8.048985524828936,8.789264876800505,9.698363788439407,18.920368951800672,300.1279976215218,299.77495578123876,299.8295553349765,300.37593653254163,301.0923442972832,301.5990797966829,293.9873098632241,293.4239258376251,293.40717044409297,293.7336369355452,294.428290115209,295.3546340037781,0.9,0.2635159763892387,0.40667778879834887,16996.280778732184,10589115.979400894,48092.054192982534,220.18431437570055,48,DOMINICAN REPUBLIC,DOMINICAN REPUBLIC,266,Admin0
48,2019-01,DOM,-0.7763341658281454,-1.1811717836073583,-0.8717081934057725,-0.9769525584121179,-0.4731627541164852,-0.46866648110006337,-0.904524453226706,-0.8369659462039901,296.5082684858367,0.791827645273209,0.18811174856948987,48,295.85105841367056,295.86994773469735,296.51489911691203,297.2254989581139,298.01768638699923,298.9586758011237,0.7830936011294939,0.7677385725504223,0.753139614449068,0.7422982876118077,0.7735311071111431,0.7657667758597456,8.851375672993814,7.845166985955764,9.265792544518668,10.499120494188515,17.174850630108846,12.584389772949743,299.5475245272589,299.6698871152727,300.3939487490646,301.03710433405456,301.55062971341783,302.55193197022527,293.38076094112853,293.27999729600265,293.7606309362818,294.37796317162923,295.298409823634,296.1760648576146,0.7290323,0.25753636518990974,0.40927212208372654,17715.113986981993,10702533.934354616,48092.054192982534,222.542665601427,49,DOMINICAN REPUBLIC,DOMINICAN REPUBLIC,275,Admin0
49,2019-02,DOM,-0.28494198341816984,-0.35828137474560406,-0.9568164122234566,-1.080137809273899,-0.521561479572725,-0.5258171706157544,-1.0641359993466382,-0.9570714414048123,297.057242146295,0.770789700742321,0.20758378583691994,49,295.97673290118337,296.5079504651243,297.2044881466729,298.1166230752503,298.93781675911686,299.4561222686632,0.7669704816445478,0.7467610158728115,0.7452089286323302,0.7759135183501098,0.7833371388518159,0.7559296434144683,7.345681362279478,8.12430231541821,10.594241271498998,17.66409995263561,15.472714633852469,11.994212781673466,299.8044501842891,300.3927961668937,301.02650956694106,301.6701987259869,302.40291428346006,303.1805942388362,293.36681473635485,293.7458220924719,294.34927721435315,295.4026095309836,296.28301648238636,296.63156352837257,0.6964286,0.25753636518990974,0.40927212208372654,17715.113986981993,10702533.934354616,48092.054192982534,222.542665601427,50,DOMINICAN REPUBLIC,DOMINICAN REPUBLIC,395,Admin0
50,2019-03,DOM,-0.28553839862720837,-0.25268632712230416,-0.8474803468583878,-0.9869540457601998,-0.22708522009807067,-0.2647364872876187,-0.9774879508610907,-0.8768312673171121,297.2482306902882,0.7709285929795248,0.38369821170246166,50,296.5472502941798,297.30892531529946,298.0932481838464,299.08518669660276,299.65047623590743,299.7552797704243,0.7484252554703044,0.75255341118385,0.7782264411087224,0.7715839964784559,0.7503606871135076,0.7576823261895014,8.297833361083125,11.496442779664452,18.426466972062798,12.384412442862843,10.772468669206514,13.076612367640202,300.4489409264536,301.1022778097069,301.59955067575197,302.62249036844014,303.423846641649,303.61325073362013,293.70355485014767,294.46670210311083,295.390728145159,296.35420532902293,296.7712113610139,296.92280395360496,0.9903226,0.25753636518990974,0.40927212208372654,17715.113986981993,10702533.934354616,48092.054192982534,222.542665601427,51,DOMINICAN REPUBLIC,DOMINICAN REPUBLIC,592,Admin0
51,2019-04,DOM,0.4594558664796834,0.4738676009456656,-0.00409543818641564,-0.10712403504453268,-0.9697671213427981,-1.006301388746638,-1.1086041022024447,-0.994454440950739,298.11454852577236,0.7689117761646767,0.2875848431054721,51,297.10181240964414,298.15009542679985,299.11044709503363,299.6237677260302,299.78464978808046,299.645490174974,0.7640668005929824,0.7805454329010459,0.7709785077064594,0.748863375094934,0.7538835862996706,0.777798521151115,10.285906495344337,16.834253636235278,11.84347231390422,10.168158898157325,12.585943419034407,15.671166054408124,300.7105580619971,301.64439456778507,302.6650956090314,303.4212190660385,303.67412760776153,303.4558929612759,294.29636763490134,295.45750409070064,296.3399664639445,296.7083384063154,296.8979447876612,296.89644993291176,0.77666664,0.2516878270932275,0.40927212208372654,17715.113986981993,10702533.934354616,48092.054192982534,222.542665601427,52,DOMINICAN REPUBLIC,DOMINICAN REPUBLIC,587,Admin0
52,2019-05,DOM,-0.9987681404968715,-0.8252479309359035,-0.6541870112356742,-0.5984593242712676,-0.7242905831459461,-0.6947113509810317,-0.9670247730811901,-0.8978344234243358,298.8646616245682,0.8027887141309201,0.6718910766979327,52,297.99132866729616,299.08244053680147,299.56317651666063,299.76062487146993,299.58425837004194,299.0637503812629,0.7955223532656069,0.776581264481495,0.7563717645614773,0.7616273566308179,0.7834166081213418,0.8100716515019422,20.545999854007082,10.852940537491921,11.368326530343637,13.135534865203924,16.971568999908477,22.237109203569567,301.37453025946326,302.6004412127655,303.3102280796263,303.5955182180431,303.3608546433801,302.6126390700769,295.4230579467526,296.31590439342824,296.6827174992033,296.9106926733625,296.8611008922279,296.58977210634583,0.7419355,0.2516878270932275,0.40927212208372654,17715.113986981993,10702533.934354616,48092.054192982534,222.542665601427,53,DOMINICAN REPUBLIC,DOMINICAN REPUBLIC,795,Admin0
53,2019-06,DOM,0.19045043955542165,0.3258999251619265,-0.24300883197292794,-0.19991965438172615,-0.7453585374513858,-0.6991030735419882,-0.9444359268440494,-0.9087103881636595,299.7384182466833,0.8033409765004419,0.39292008229605,53,298.88547552571185,299.5122540646323,299.7256010344189,299.56876264069547,299.0497445465571,298.0700733166666,0.8034528654820688,0.7646037260594349,0.7690841327396251,0.7876939275083011,0.8116721927810545,0.8042100926124254,15.783999901828961,11.665958194535659,14.688296654115693,17.969241887591743,21.01618369621263,15.568187337194567,302.2966423684102,303.17947860737144,303.5035649496141,303.305625737758,302.58717402495097,301.47244709225595,296.172459671509,296.66062236457225,296.92178065793973,296.8596549646942,296.56679152917485,295.72032774791427,0.6766667,0.2516878270932275,0.40927212208372654,17715.113986981993,10702533.934354616,48092.054192982534,222.542665601427,54,DOMINICAN REPUBLIC,DOMINICAN REPUBLIC,1206,Admin0
54,2019-07,DOM,-1.0651431044939204,-1.0798467033925285,-0.6710860838882747,-0.6352777183290931,-0.6628126603909502,-0.6451488898676268,-0.8522421096754064,-0.8519725930750001,299.95689521037247,0.7867396729418848,0.46157853925348313,54,299.50984110768707,299.7615646038794,299.6592003575661,299.0658105972564,298.0601218731829,296.99245675925533,0.769933301236159,0.7795195900916262,0.7917043546108528,0.8154781107123605,0.8138632199402857,0.789991901829902,12.480631220438456,16.168153747022803,18.374313098552705,23.09488428582726,17.427796882619717,10.687364165355097,303.1717230200955,303.4891359931488,303.3783063672456,302.5718674836257,301.4006687951895,300.52558947847706,296.6426029130479,296.9959900686201,296.9609350994423,296.60344691285746,295.77769820995115,294.6356446641473,0.42258066,0.24595897510453904,0.40927212208372654,17715.113986981993,10702533.934354616,48092.054192982534,222.542665601427,55,DOMINICAN REPUBLIC,DOMINICAN REPUBLIC,3058,Admin0
55,2019-08,DOM,-0.12411407347800534,-0.10666642880753419,-0.28641680860931346,-0.22152036512309076,-0.8657947386231386,-0.8579394471716038,-1.0897522275478468,-1.0770147108536345,300.20913501194025,0.7972560444754008,0.43150722807660635,55,299.42856791825074,299.56482348122734,299.0292898161793,297.976646129203,296.9785343106575,296.31822085383897,0.8013083816330221,0.7989022698556288,0.8202311826948805,0.8149557402765164,0.79412356367331,0.7742245328866497,19.78539451914293,18.141481828443176,23.709834953093637,18.754053779309015,10.581403179677924,8.928993267481074,302.9621896838257,303.23948400835894,302.50692221720044,301.3010641005019,300.50194883077097,300.0378270126901,296.76417869125845,296.8876563316251,296.59274983579,295.69509343144887,294.62829721771243,293.870806393466,0.19032258,0.24595897510453904,0.40927212208372654,17715.113986981993,10702533.934354616,48092.054192982534,222.542665601427,56,DOMINICAN REPUBLIC,DOMINICAN REPUBLIC,3715,Admin0
56,2019-09,DOM,-1.3821142178130192,-1.5713431795422916,-1.1996765318273235,-1.172598700438066,-0.5698255935406329,-0.585174309065306,-0.6480263229558026,-0.6939140243899999,299.80098493968165,0.8262626202769255,1.0119933297726569,56,299.51309423628527,298.9777415317648,297.9862682414083,296.9493271648183,296.3109556947171,296.34361022028423,0.8087185471868115,0.8310468048953135,0.8222224717331494,0.7961970081953152,0.7761900264877734,0.7626631374284706,21.12507964741745,26.403193997926046,19.574582180763684,11.098337680396927,8.51787132043915,8.33559396199146,303.12550050774473,302.36257473697407,301.24036261783885,300.4158593260506,300.00595708528806,300.20075752659795,296.90347525224155,296.61052402286543,295.7697081766494,294.63820477869143,293.8670099295483,293.7331537208362,-0.01,0.24595897510453904,0.40927212208372654,17715.113986981993,10702533.934354616,48092.054192982534,222.542665601427,57,DOMINICAN REPUBLIC,DOMINICAN REPUBLIC,3000,Admin0
57,2019-10,DOM,0.7112544133573108,0.7678199326825695,-0.17322157283674683,-0.215475471888917,-0.743852370313772,-0.7363018196862942,-1.1686770524682095,-1.1756547606682326,299.2846229346201,0.8186127283187953,0.36088877420213,57,298.61792381362505,297.8638590537833,296.80046213698034,296.14913793572697,296.2456786861524,296.75098485695565,0.8382903187898432,0.8226074861821522,0.7998701454678391,0.7827516811541523,0.765791131163994,0.7472213659779301,27.291710064929493,16.800203765570135,10.983346100086788,9.161268308289204,7.945834864316279,9.033586078275558,301.9119079619629,301.12356437853225,300.2331814602649,299.79581979957527,300.046820824605,300.63705393906713,296.2665713925155,295.60117688548326,294.4981011752862,293.7295339667736,293.65348268406933,293.9803180538069,0.5,0.2400380126129717,0.40927212208372654,17715.113986981993,10702533.934354616,48092.054192982534,222.542665601427,58,DOMINICAN REPUBLIC,DOMINICAN REPUBLIC,2610,Admin0
58,2019-11,DOM,-1.455667684162658,-1.599421140302581,-0.8316900548432234,-0.9196398376323802,-1.0970134723011962,-1.093979854443902,-1.267416562907113,-1.2306647032507332,298.55009110397174,0.7912581322646126,0.20379989410011357,58,297.8189428437626,296.864018319024,296.25730422064976,296.2526275145911,296.59965002770866,297.3445529820652,0.7937593425717239,0.7826256880591683,0.7734549382455801,0.7605980124425812,0.7403171404409777,0.7385029062143686,10.067845437297596,9.341285533354487,8.945085981162993,7.932787940300505,8.14662484057635,10.129994598931269,301.3518704820818,300.46477822233976,299.98450325830356,300.07868767725995,300.5089802758768,301.1864284744953,295.32404737182054,294.44300214263353,293.7824006448044,293.6568357574694,293.81929751428794,294.486234373774,0.50333333,0.2400380126129717,0.40927212208372654,17715.113986981993,10702533.934354616,48092.054192982534,222.542665601427,59,DOMINICAN REPUBLIC,DOMINICAN REPUBLIC,2315,Admin0
59,2019-12,DOM,-0.8344499165163081,-1.0377282042811589,-0.6900932652594803,-0.7978311151005982,-0.898370883744463,-0.9746941050135622,-1.071876370246042,-1.0720321620243518,297.78735339915613,0.8247386081543339,0.38087650203144985,59,296.91213535504204,296.237704080695,296.25088108274366,296.7039099767008,297.37976183632816,298.2351595150691,0.8032627169328636,0.7797295762944557,0.7665096884273748,0.7513521225798261,0.7474977909463743,0.760984455896938,11.874867941192111,9.77607883655802,8.521819649611023,9.108333069990197,11.687513396531147,13.355184098748452,300.39693803094156,299.8590931479751,300.0142408076075,300.54913467756097,301.15389512347144,301.8734779161547,294.5599308144949,293.8256648771384,293.6873599504184,293.9738585969407,294.5545086813206,295.41488588284983,0.4,0.2400380126129717,0.40927212208372654,17715.113986981993,10702533.934354616,48092.054192982534,222.542665601427,60,DOMINICAN REPUBLIC,DOMINICAN REPUBLIC,1703,Admin0
60,2020-01,DOM,0.5039386375306467,0.4616230110448809,-1.1220726599554791,-1.327910648778549,-0.8211807822882031,-0.9564759003053417,-0.9984525795691154,-1.0206743192898988,297.08014025710554,0.7989830065808727,0.2726195367197485,60,296.30871859838857,296.1234780166666,296.6806657968113,297.431647748661,298.2695284066152,299.12737092423976,0.7874853855187203,0.7623325461738125,0.7474668742409961,0.7410349618605785,0.7698396253471133,0.7649344793493693,10.276806829279115,8.343937201250396,8.626046798276986,9.636535547330839,16.28674936336453,12.026441750434957,299.8054575730599,299.893784409625,300.56728707655276,301.25056648290297,301.8495628234319,302.712226649062,294.0017344747627,293.54809376429796,293.9057202038292,294.5688258973391,295.53887277919284,296.35280191781635,0.5451613,0.24199561318415705,0.43050583611968013,16343.21861442256,10810218.321866767,48092.054192982534,224.78179614636144,61,DOMINICAN REPUBLIC,DOMINICAN REPUBLIC,1452,Admin0
61,2020-02,DOM,0.41744423101208517,0.5201471435326086,-0.24449876658155292,-0.37201976540583503,-0.45721587716759476,-0.5570366654964268,-0.894464611607734,-0.9385262106161092,297.31412374820263,0.795112441001409,0.29213097216785716,61,296.47750418936107,296.61014209391544,297.44218436877827,298.18818595057564,298.99759506181255,299.4966979357353,0.7747933403287616,0.7508109660819267,0.750780914881804,0.7810777324920681,0.7812409819808748,0.7553078865085066,8.500108736144302,9.785313517737706,11.95163094325118,20.852072459064395,15.131771820929162,12.248593008562365,300.164358058224,300.4240112564959,301.20827628818824,301.66308566819,302.43815095721635,303.1925645780195,293.95676651354177,293.8900070479043,294.6310815219624,295.55247894095,296.35254479256974,296.67237259017884,0.35172415,0.24199561318415705,0.43050583611968013,16343.21861442256,10810218.321866767,48092.054192982534,224.78179614636144,62,DOMINICAN REPUBLIC,DOMINICAN REPUBLIC,980,Admin0
62,2020-03,DOM,1.8513231615185322,1.7424568175518131,1.463725645750909,1.4050643551829112,-0.514264608693455,-0.5922260666302488,-0.7765635490136201,-0.8362513053627594,296.77474564428024,0.7981871761027535,0.5650627360265988,62,296.13653237921875,297.2546068293314,298.23260761184343,299.2025125344468,299.6009092386072,299.7130933132043,0.7800285728180575,0.7609906039080765,0.784228763080993,0.7759790495969027,0.7546276137670401,0.7637105297267371,16.30898971273798,12.862570450176829,17.77066140550215,12.595882716816346,12.042586829820838,14.894271861010822,299.59177408996527,300.9364276191547,301.678362964655,302.68831915295397,303.3272452011635,303.5111303043559,293.71584379125005,294.5042391374093,295.5839416756173,296.50074752635453,296.7524687484558,296.9155453857954,0.43548387,0.24199561318415705,0.43050583611968013,16343.21861442256,10810218.321866767,48092.054192982534,224.78179614636144,63,DOMINICAN REPUBLIC,DOMINICAN REPUBLIC,500,Admin0
63,2020-04,DOM,0.07352356930428278,0.03542519553371755,1.1625486053232967,1.1791041168835303,-0.4235564544830897,-0.49078780132751404,-0.8591586794200765,-0.8918102916123426,298.9208512694833,0.7699281776328628,0.22195566234334155,63,297.34826519794547,298.1464636833215,299.1990845621671,299.59310047823703,299.71459533726113,299.55052640565043,0.7573957881504466,0.8004472006876495,0.7927436368448547,0.7688515774618461,0.7796386257205385,0.7954472772052454,9.686273942527867,24.913493544902643,17.79638250323833,13.957398975837899,17.76584100608906,19.70912122270047,301.0873938727525,301.5084958881183,302.6148834685413,303.21453977001534,303.38966698669043,303.2007766398525,294.6125136949806,295.6315812634678,296.59042739639403,296.83769528884363,297.02502305266654,296.9281923235082,0.48,0.24405864923238801,0.43050583611968013,16343.21861442256,10810218.321866767,48092.054192982534,224.78179614636144,64,DOMINICAN REPUBLIC,DOMINICAN REPUBLIC,115,Admin0
64,2020-05,DOM,-1.5165263253759282,-1.3912751360669482,-0.11800499135068244,-0.05490737593455513,-0.37016233850880453,-0.34058489267561604,-1.1464940102143844,-1.1470707547252397,299.5373583735996,0.7948206760566512,0.428498353141147,64,298.65550692745296,299.3533010869424,299.5888235237835,299.75619935244197,299.5409556924629,298.8836351414316,0.7822423540822272,0.780068682338747,0.7650000119320512,0.7719569342569674,0.7918022127061366,0.8148224434238713,17.05978425177529,14.227655548066194,14.930081440649182,16.353152005337886,19.53805255956762,25.49801024778352,302.0996520641544,302.84583044851917,303.2500560148125,303.48812180851036,303.2494887047236,302.33979476545585,295.94320713587405,296.6319523346353,296.79114736912555,297.01396559143035,296.8832524055219,296.46332060675076,-0.19032258,0.24405864923238801,0.43050583611968013,16343.21861442256,10810218.321866767,48092.054192982534,224.78179614636144,65,DOMINICAN REPUBLIC,DOMINICAN REPUBLIC,118,Admin0
65,2020-06,DOM,-1.0053490689374494,-1.1698964258909164,-1.4706966430205415,-1.425697540589022,-0.9182909494322132,-0.9317287685042265,-1.2736627201216608,-1.2631588490002836,300.2470958466704,0.7748700709114656,0.3028568747222467,65,299.29235085037834,299.6071153705566,299.70794520506576,299.40560375770565,298.80106293146343,297.8080136014944,0.7884811738831988,0.7685658650418252,0.7769082975800594,0.7990788538340157,0.8220737956881374,0.8099550721578774,16.50829325910459,14.805742697245176,18.056128456759097,23.927474576402357,25.579304092330194,15.598048353479566,302.79356277598885,303.2333867603402,303.4151836828489,303.0335809203794,302.21574966426283,301.15596144741227,296.5623359087477,296.83959261379187,296.97840804181595,296.81681318388564,296.4244907725245,295.4970965515075,-0.33,0.24405864923238801,0.43050583611968013,16343.21861442256,10810218.321866767,48092.054192982534,224.78179614636144,66,DOMINICAN REPUBLIC,DOMINICAN REPUBLIC,118,Admin0
66,2020-07,DOM,-0.5480583822887449,-0.5372492776778341,-1.4903203436869419,-1.4346251860936186,-0.5031871082260307,-0.5278186618939589,-0.9720762311449217,-1.0240121994877218,300.249174333292,0.7891506316865055,0.7284178566269522,66,299.63812504472844,299.7270050669826,299.4242995477346,298.9381881411034,297.85628930559767,296.7969976353331,0.7835044618170377,0.7848869510709856,0.8068127869599491,0.8197562176573646,0.8102195244317858,0.7921170930747745,17.39919138114164,19.674721634912874,23.43073041483659,23.48094351739785,17.244918185755843,11.701884668547065,303.23468024799655,303.3415791785205,302.9878929139489,302.3711800248725,301.19841030778645,300.28957701098403,296.87471612642605,297.06406310099555,296.8772335911809,296.5289893359962,295.561308707015,294.46109747601275,-0.12903225,0.24604453399820905,0.43050583611968013,16343.21861442256,10810218.321866767,48092.054192982534,224.78179614636144,67,DOMINICAN REPUBLIC,DOMINICAN REPUBLIC,65,Admin0
67,2020-08,DOM,0.4808456889481564,0.5339764089762472,-0.6018017755591487,-0.6027176257984757,-0.3286184785504271,-0.36620100777015757,-0.632374985188838,-0.7172378435133725,300.371573642329,0.7947827381948995,0.828633098676548,67,299.48400429638525,299.4181216458069,298.7963580446939,297.7366510989069,296.69613292074024,295.93156116393084,0.8057934298721003,0.8151700614991517,0.8287733623157636,0.820198949034966,0.795132850774584,0.7731315660666938,20.3200311427035,23.85944791294085,28.184847429743215,17.8537976963088,11.307007284982804,9.097078917023032,302.9347718817789,302.9081674924253,302.1342110532549,300.9771115933703,300.1476118389874,299.6222013208243,296.9239857362718,296.89539541289935,296.46849867254747,295.50698432677854,294.39284359159115,293.48404668259815,-0.5322581,0.24604453399820905,0.43050583611968013,16343.21861442256,10810218.321866767,48092.054192982534,224.78179614636144,68,DOMINICAN REPUBLIC,DOMINICAN REPUBLIC,96,Admin0
68,2020-09,DOM,1.0960083196693127,1.1059264043487196,0.4250540854359849,0.4641061548228161,-0.8154925340804817,-0.8278641131323788,-1.0137353264960447,-1.0403907200281641,299.67594504469673,0.8182423256345115,0.5787930956502834,68,299.03168141381,298.830953741966,297.7227700837664,296.57940233671104,295.9370785207879,296.01244181246375,0.8357505089474513,0.8362318072137257,0.8239785315024378,0.7994071122045315,0.7813525766992524,0.770202049309105,27.451240368651224,26.919828732380328,19.74697042304594,11.322293895813692,9.357047734533396,9.300886149585493,302.3803643747218,302.1433121169827,300.92315480438367,299.98898709787085,299.585965175827,299.7479322249434,296.6784165146931,296.5100231633201,295.51425772150026,294.2980418735228,293.5166062454496,293.47626053440905,-0.62333333,0.24604453399820905,0.43050583611968013,16343.21861442256,10810218.321866767,48092.054192982534,224.78179614636144,69,DOMINICAN REPUBLIC,DOMINICAN REPUBLIC,73,Admin0
69,2020-10,DOM,-0.6818966117688933,-0.7731028329555356,0.27955433153170095,0.2886189745276644,-0.6003711617393566,-0.620742242676067,-0.73424174607876,-0.8126560658438832,299.2508242810708,0.8325627670877802,0.6412418175065921,69,298.51665291332756,297.5454409404246,296.44972263583554,295.810283653305,295.6789822076003,296.09337877657737,0.836504785629833,0.8219340442402898,0.8018547661147897,0.7862595566869095,0.7654243791698845,0.7395458023493713,30.248521420946645,20.3482146242971,12.670268725030047,10.620263210092967,8.709804470657156,8.31129575655037,301.807141908948,300.73501569878397,299.8003359471539,299.3698197644745,299.3878516713664,300.00515286423683,296.2182425283212,295.36096156321094,294.2110240739273,293.46441394020457,293.1680999337063,293.32426809886016,-1.1,0.24772241446736368,0.43050583611968013,16343.21861442256,10810218.321866767,48092.054192982534,224.78179614636144,70,DOMINICAN REPUBLIC,DOMINICAN REPUBLIC,77,Admin0
70,2020-11,DOM,1.0712735397999649,1.0674756866796498,0.7388376589043377,0.769036536708756,0.46142366791877903,0.48115767764278167,0.1842881428009798,0.11883774717708577,297.74535916011405,0.8547906785824814,1.2506350968171396,70,297.4265106472723,296.1944287853008,295.7547118666831,295.7707812064136,296.14820169771053,296.93294796442495,0.8238706912815905,0.7946795685044619,0.7828071851559085,0.765692612587534,0.7476640766680869,0.7386113975722153,21.32270374611278,11.288233511371411,10.086534422400307,9.212770017953735,9.701016986569831,8.785412206856723,300.5417548973519,299.57892637502016,299.3753713036604,299.5239066272822,300.0044806721836,300.80032243729426,295.30482500484493,293.9167858690591,293.3642986940825,293.235992289444,293.411052014471,294.0451274897998,-1.27,0.24772241446736368,0.43050583611968013,16343.21861442256,10810218.321866767,48092.054192982534,224.78179614636144,71,DOMINICAN REPUBLIC,DOMINICAN REPUBLIC,127,Admin0
71,2020-12,DOM,0.834655144921564,0.9004373903773288,0.6603267688599467,0.6808877803520068,0.7980322410121604,0.7973036205058038,0.07468558702100184,0.010299374068745346,296.9792235126917,0.8223669494167458,0.2299990809746053,71,296.3545778916687,295.7321357658385,295.73807302843846,296.1430090105851,296.9694355004223,297.9062017321311,0.8059677954070128,0.7862868321297164,0.7676053986974856,0.7435572318754432,0.7483452436092352,0.7725149425767293,9.498727398852369,10.339817858045588,8.413302315276294,8.479046253496485,10.860223607824608,17.321272486538152,299.75308610528003,299.2731250947176,299.48341280378196,300.04346303707723,300.7886000330531,301.47603776072094,294.04615576523776,293.3817925505885,293.18661093202286,293.3653735454665,294.11031250745685,295.17143586860306,-1.0548387,0.24772241446736368,0.43050583611968013,16343.21861442256,10810218.321866767,48092.054192982534,224.78179614636144,72,DOMINICAN REPUBLIC,DOMINICAN REPUBLIC,157,Admin0
72,2021-01,DOM,-0.7131544846924605,-0.8864351233349246,0.7899429073371281,0.8157851979091616,0.46215589697067316,0.48359041671159947,-0.05337338603643631,-0.13587873356475913,296.70795372723165,0.7935812736955704,0.15414090867787777,72,295.7734824700988,295.71333901062286,296.0971402563559,296.98660728785444,297.94039412656593,298.775452884985,0.7802872619847335,0.7667257915049507,0.7519832371755696,0.7527952312687263,0.7812041044411338,0.7856201554469516,7.102790651983078,8.850186212699596,10.792457165567015,11.4347862695518,19.813233234605715,16.851563248964755,299.40117136612514,299.40358987710795,299.8997762066361,300.76765054584496,301.4618138339303,302.26299943913983,293.31628068451226,293.2125776598567,293.396992138266,294.17196996211817,295.27137031156195,296.1173050091201,-0.90645164,0.23908756516817595,0.4343383571330847,18110.158086040472,10928211.343144555,48092.054192982534,227.23527881117565,73,DOMINICAN REPUBLIC,DOMINICAN REPUBLIC,118,Admin0
73,2021-02,DOM,-0.3646833654576531,-0.48438327776591217,0.20950280652958475,0.1656976852809842,0.34207862236019115,0.36777812207625254,-0.07294754311455469,-0.14969024127930958,297.0176184202568,0.7883264397447759,0.27673451688857165,73,295.75597102839447,296.0894975546785,296.8704477534754,297.9810503475133,298.8646630112328,299.2642868325202,0.7853782565852472,0.7586592303437298,0.7595896471856215,0.7809103140614301,0.7760504281866637,0.7610522933131219,10.503328124922126,11.564390615534208,13.844039998854809,18.11878381193499,14.645856766169032,13.599645778620062,299.2894236356173,299.85054175562396,300.55750113433663,301.51338239756484,302.4183168111499,302.9549611069557,293.35022389964035,293.39972446337185,294.1205242357949,295.25384764367044,296.1114240911369,296.4396679738196,-0.8464286,0.23908756516817595,0.4343383571330847,18110.158086040472,10928211.343144555,48092.054192982534,227.23527881117565,74,DOMINICAN REPUBLIC,DOMINICAN REPUBLIC,104,Admin0
74,2021-03,DOM,0.6530680465008449,0.6132877337456409,-0.27785436623004484,-0.43748688694833693,0.7560042345129878,0.7198297930317495,-0.20976383129442464,-0.28148940955414664,296.9684712390731,0.7872501722829447,0.4399274360538928,74,296.15066300799003,296.9349525242415,298.0071356536361,298.9550428408754,299.356947155611,299.53834760044595,0.7600464899531205,0.7713430455833116,0.7838097638958814,0.7707587332012805,0.7554113023319967,0.7665214831565674,12.114488409836584,16.06162460207344,17.623300011792395,12.747767821098378,12.76974440796869,15.616250354006725,299.9097137836556,300.5415058704917,301.49128998618505,302.5277559474931,303.1083929907245,303.3316469297738,293.47141256825915,294.2248986559754,295.2843248602224,296.16112478980233,296.47057331254877,296.7334395560037,-0.60967743,0.23908756516817595,0.4343383571330847,18110.158086040472,10928211.343144555,48092.054192982534,227.23527881117565,75,DOMINICAN REPUBLIC,DOMINICAN REPUBLIC,106,Admin0
75,2021-04,DOM,1.1086540567667034,1.1801921008059273,0.8211016235976962,0.7519618445174951,1.1866473475866313,1.0718382215352267,-0.02391423673475355,-0.0482899024510206,297.6219630556999,0.7991907575624521,0.446507426621621,75,296.86255235997714,297.9019098679554,298.9088791562653,299.3778375223152,299.6277076134308,299.5001436715558,0.7893797900757209,0.8017963284378654,0.7842934121135006,0.7636022448008012,0.7696952949012009,0.7881778400169268,18.40396051682056,21.35557015939115,14.129559801944911,12.917089003459287,15.978028732049214,17.73573308243933,300.36214899873494,301.2833927869616,302.3873606202353,303.05436679297816,303.38968963716314,303.2218395079555,294.28436785541703,295.30285751748704,296.18905056636953,296.5366237080727,296.8454571945918,296.80454408823846,-0.56666666,0.230192915603963,0.4343383571330847,18110.158086040472,10928211.343144555,48092.054192982534,227.23527881117565,76,DOMINICAN REPUBLIC,DOMINICAN REPUBLIC,98,Admin0
76,2021-05,DOM,-1.138100310149083,-1.176775608952358,0.013971046950031873,-0.01007288518903257,-0.7314689913728337,-0.8596852366035832,-0.015334487965053331,-0.10351471078384084,298.6404351488492,0.8040089457822943,0.4530061499081505,76,298.00523385370917,298.9297684522068,299.45825115077747,299.66266630633856,299.50886421986485,298.92786913243765,0.7837885857289837,0.7795487483012159,0.7621853784911176,0.7712940926747257,0.7916074084440593,0.8190662122302491,14.851038027222637,13.642797438900361,13.18839368279255,16.64762706068834,19.655771934139725,24.56253344838602,301.4725495064948,302.47573561580504,303.15793930938935,303.44004573413747,303.2262591001432,302.3843291531531,295.26195904937634,296.15020156855525,296.5930554328665,296.8634645444872,296.8258425943584,296.51413409297356,-0.37096775,0.230192915603963,0.4343383571330847,18110.158086040472,10928211.343144555,48092.054192982534,227.23527881117565,77,DOMINICAN REPUBLIC,DOMINICAN REPUBLIC,140,Admin0
77,2021-06,DOM,-0.19761138591340557,-0.16991536027931678,-0.3477117340537971,-0.40393425879755046,-0.37076941218826326,-0.4366346060662476,0.328793512914953,0.2779036334118662,298.8450805530188,0.8296043454439184,0.670180187320175,77,298.4498165130699,299.3186203766597,299.62464080633526,299.4303606401203,298.8526412091616,297.7948489471367,0.8072731717507265,0.7766665514205965,0.7828180950120092,0.8015020647745034,0.826837597163185,0.8128169943421892,20.517938754168796,14.681224217788941,18.594278782196778,21.910556177103558,26.87166196640534,17.263117393954673,301.7616984451932,302.92783228796634,303.33020922278916,303.0555962370686,302.2292885969356,301.1124406748901,295.9237029285083,296.55384126755,296.9044817634356,296.8178563227148,296.5064381297229,295.50504461314705,-0.053333335,0.230192915603963,0.4343383571330847,18110.158086040472,10928211.343144555,48092.054192982534,227.23527881117565,78,DOMINICAN REPUBLIC,DOMINICAN REPUBLIC,128,Admin0
78,2021-07,DOM,0.4233555944035457,0.6268117146625665,-0.4671085981258738,-0.4827941657940584,0.052126129153659405,0.05282754931458971,0.30373099572554907,0.28605352383354476,299.4574272563124,0.8214813216351043,0.7427092291272517,78,299.1039113603403,299.57868383108894,299.4642318614514,298.8966910712354,297.78860277346337,296.61263572476236,0.7911689182446144,0.7851133650551146,0.8034672224415039,0.8226742484305659,0.8154718930863164,0.7879982590318096,18.415964698361705,16.621162484928494,21.361008990637277,26.242557314939383,17.966648442148383,10.526501897264012,302.5213584868512,303.25487566589135,303.1082596535772,302.29097410489214,301.08424429749124,300.1000116082004,296.49325868559487,296.87486445085506,296.84857700422896,296.5139791549629,295.5177878704352,294.2649414532504,-0.14516129,0.2216858761721636,0.4343383571330847,18110.158086040472,10928211.343144555,48092.054192982534,227.23527881117565,79,DOMINICAN REPUBLIC,DOMINICAN REPUBLIC,176,Admin0
79,2021-08,DOM,0.17136169702146323,0.32584833526732176,0.02410837200207922,0.1650485109286074,0.1704008522268907,0.1533744384612446,0.29281907980310673,0.2768938117915181,299.74563666529724,0.8183303026380925,0.8128587131044908,79,299.2143367531378,299.29199886191975,298.81600989945673,297.7843384295691,296.56820869087596,295.99648278662926,0.8019183337096374,0.8039780521984958,0.8201968598925048,0.8149012726444129,0.7938278434590905,0.7756794947023261,19.550466148845402,20.538281032708028,24.225976251368333,17.970203895323813,11.86765828959834,9.436699586024341,302.7339843474269,302.90263255536365,302.26769357080383,301.1121152636233,300.05042647838013,299.70601660314793,296.60650750960644,296.6648344623703,296.38300973221953,295.4950795475065,294.2340980574931,293.53144614683225,-0.28709677,0.2216858761721636,0.4343383571330847,18110.158086040472,10928211.343144555,48092.054192982534,227.23527881117565,80,DOMINICAN REPUBLIC,DOMINICAN REPUBLIC,388,Admin0
80,2021-09,DOM,0.10640340643449932,0.1719040187846833,0.2666034984825932,0.339987126737734,-0.3414959200605097,-0.3802226219950686,0.14718733248127086,0.12385276505103802,299.85106872557617,0.810411486232646,0.42214699969005476,80,299.24968437568157,298.68842261803235,297.72313775615146,296.70487585697174,296.09596728266365,296.05187562711467,0.8065333523685868,0.8288474087884392,0.8170646869218612,0.7992176019988064,0.784850308235347,0.7625683936663282,18.66771253778533,26.388871402474663,17.296201202460047,11.382756352690034,10.623850717049477,8.312901733583619,302.8819457768562,302.04971800440387,301.04113019075754,300.16673939931417,299.7458678805984,299.83899265298146,296.6153322606638,296.3258237292899,295.4279705302416,294.3797993436647,293.6814730725324,293.45547909635235,-0.23666666,0.2216858761721636,0.4343383571330847,18110.158086040472,10928211.343144555,48092.054192982534,227.23527881117565,81,DOMINICAN REPUBLIC,DOMINICAN REPUBLIC,579,Admin0
81,2021-10,DOM,-0.8156416027125042,-0.9006940041535414,-0.36430654493428255,-0.4137472069925867,-0.367635601300332,-0.4072987145559315,0.20302012303689657,0.1258673299549805,299.04930195903006,0.8333573988275225,0.6398701085703571,81,298.5152113548623,297.5649933244737,296.4581212505896,295.7459155379238,295.91335358746454,296.3620363697827,0.8258892733574003,0.811912853080283,0.7918700663862354,0.779422538854003,0.7664813203454648,0.7467825309183668,27.953909311003592,15.871237256923584,10.68965060759697,10.669232152467334,8.390627795511396,9.259662493695924,301.86423477109713,300.8610271735216,299.92868055798186,299.3664707807746,299.718862185221,300.23329972215635,296.1702153580103,295.2715379827513,294.1244109125295,293.36031322526924,293.33014250857445,293.6066563162637,-0.7612903,0.21277389506860467,0.4343383571330847,18110.158086040472,10928211.343144555,48092.054192982534,227.23527881117565,82,DOMINICAN REPUBLIC,DOMINICAN REPUBLIC,656,Admin0
82,2021-11,DOM,-0.23641187695952762,-0.3159657967675696,-0.5981621690605308,-0.72460258070604,-0.3635355553756029,-0.45105468076888855,-0.6675634507919447,-0.8314154059939514,298.49385210669567,0.8030176192729223,0.21878512282940932,82,297.57450765930224,296.4347440894307,295.8840901595402,295.92773038013905,296.27883354359864,297.1527507369339,0.8037093711409434,0.7885225283980757,0.7801759303550362,0.7592745604599432,0.7437526924025668,0.7429441966814166,13.293175872722404,11.278190388587289,11.00785564314219,8.355366798998135,9.95316302606743,10.439693938820573,301.0114655841288,299.9351352819546,299.5503168674141,299.74309058402406,300.1807412258556,301.0139936979684,295.139548004804,294.0828118975051,293.46478712850154,293.3370392394582,293.52586835214765,294.28082416402225,-0.89,0.21277389506860467,0.4343383571330847,18110.158086040472,10928211.343144555,48092.054192982534,227.23527881117565,83,DOMINICAN REPUBLIC,DOMINICAN REPUBLIC,725,Admin0
83,2021-12,DOM,-1.1450812427581223,-1.4284297270975164,-1.225943266122805,-1.3430355275916015,-0.6084101880694046,-0.7521883829008963,-0.6595115104970871,-0.8298849372155547,297.4542893611595,0.8097681362003465,0.24675613464534168,83,296.4578825796888,295.80420181057104,295.89495491692037,296.18718948325517,297.0661810567541,297.9572896442308,0.7992801723661731,0.7781170433343401,0.7611149448116147,0.741277899289973,0.7423199521801651,0.7653281301059746,12.988424757325678,9.998647087367464,8.55999805154836,9.113147188310666,10.627552255767613,16.360399306638154,299.88625483032666,299.47329553533046,299.69220176236536,300.07421545887684,300.9252954216739,301.5780811631954,294.16622567836373,293.36538351456744,293.3083599024918,293.4060969993967,294.172766888983,295.1628658313834,-1.032258,0.21277389506860467,0.4343383571330847,18110.158086040472,10928211.343144555,48092.054192982534,227.23527881117565,84,DOMINICAN REPUBLIC,DOMINICAN REPUBLIC,528,Admin0
84,2022-01,DOM,-0.48976608858676846,-0.9508597397239974,-0.8399979113878412,-1.169187119998127,-1.1183795783119082,-1.4348054466493387,-0.6760518159517428,-0.8702165915186979,296.84545246137867,0.7889890275403403,0.15309628759748392,84,295.7912321385479,295.8444547348183,296.29900809554596,297.03391503469436,297.9782755145518,298.93600125193024,0.7744295643554543,0.7686652470394637,0.7475089584598994,0.7493070266414998,0.7715265461821345,0.7694851096573094,8.80127033500722,10.48733168367351,10.491316195782092,11.795685102975291,16.88317405742888,13.307854565736106,299.50697036005084,299.5865456767088,300.1483285707836,300.82229575563514,301.54425710127686,302.5323851308692,293.2758719988258,293.30220264550843,293.5506807423147,294.19188832808186,295.2268128053823,296.1463625010731,-0.86451614,0.20633631252753268,0.4328074488540139,18734.647352900094,11037715.760200616,48092.054192982534,229.51225405986526,85,DOMINICAN REPUBLIC,DOMINICAN REPUBLIC,339,Admin0
