,time,region,spa01,spe01,spa03,spe03,spa06,spe06,spa12,spe12,t2m,rh,tp,index_x,t2m_L1.0,t2m_L2.0,t2m_L3.0,t2m_L4.0,t2m_L5.0,t2m_L6.0,rh_L1.0,rh_L2.0,rh_L3.0,rh_L4.0,rh_L5.0,rh_L6.0,tp_L1.0,tp_L2.0,tp_L3.0,tp_L4.0,tp_L5.0,tp_L6.0,mx2t24_L1.0,mx2t24_L2.0,mx2t24_L3.0,mx2t24_L4.0,mx2t24_L5.0,mx2t24_L6.0,mn2t24_L1.0,mn2t24_L2.0,mn2t24_L3.0,mn2t24_L4.0,mn2t24_L5.0,mn2t24_L6.0,ssta,gdp_pc,pop_count,area,pop_density,index_y,Country,Region,Cases,Spatial_Resolution
0,2015-01,GRD,-0.23996639345873363,-0.40428548872552483,-0.4846521769823844,-0.6515317328811407,-0.42268050734046914,-0.4903993765562988,-0.7373592092024447,-0.7787551262962451,298.8939192095026,0.8142699034815273,0.5842327163884136,0,298.88446642373316,298.6463904062007,298.8345320698887,299.32733660743315,299.76551531554605,299.9502759318759,0.7997838962631766,0.7898450067583469,0.7797343338158998,0.7843516580853561,0.7965009247456586,0.813446797263478,17.766105860704283,11.013613183459015,9.098062298052973,7.132728234015642,9.973945351237173,22.784676213948845,299.514873468766,299.22844273891445,299.41231675444766,299.8786765913663,300.3283689027256,300.57328543777976,298.1605332273943,298.00082395698456,298.22271142961813,298.7554704015087,299.18104713647443,299.28102236966134,0.47741935,13373.379515137502,106777.40696873213,359.530655357382,296.99110598119336,1,GRENADA,GRENADA,4,Admin0
1,2015-02,GRD,0.3647150915065038,0.5294626813530705,-0.21465445514399908,-0.34798496532890494,-0.49693615477160236,-0.6208972197060482,-0.7706725231105945,-0.8376251266505281,298.9390083275979,0.7927972404774161,0.22877971949232484,1,298.82971154214147,298.9830388987202,299.3471225984438,299.8574855339526,300.0548006486994,300.13817328487846,0.7880618928195645,0.7789146488950085,0.7820329717311405,0.7898163626548704,0.8121105390159791,0.8205330747626418,8.770968879238893,8.65679758241736,6.460747757139299,7.255483167577262,20.795525241824954,27.70514249518904,299.4103409378463,299.5671496012193,299.8952046157807,300.3856085163664,300.65876211050596,300.8283091437058,298.1974599658987,298.36092820850047,298.77912185975293,299.3287770158199,299.39995192656227,299.39656398977206,0.75,13373.379515137502,106777.40696873213,359.530655357382,296.99110598119336,2,GRENADA,GRENADA,0,Admin0
2,2015-03,GRD,0.28030185988527484,0.34949015421580226,0.0019863490942804993,-0.1192633585109109,-0.2949559755874616,-0.46317665474137243,-0.7272429142466992,-0.7833642723959469,298.65778983574774,0.7826045254147028,0.30022866061807946,2,298.8213348509476,299.3076898808436,299.7827152449562,300.0317650702421,300.1469240430243,300.432033460271,0.783400298699452,0.7795917251016777,0.7911875975465007,0.8123928373063707,0.8191147991243137,0.828251684999933,12.09780352923221,6.191890676138053,6.857587799467255,18.766531250076877,25.72769716450153,33.907543269054635,299.42908275987037,299.8513374196966,300.3095282432209,300.61497467967786,300.81070436761104,301.1486814554978,298.1786554019436,298.7650461775195,299.2523537247287,299.40912188197774,299.42964486346614,299.62308999962215,0.43870968,13373.379515137502,106777.40696873213,359.530655357382,296.99110598119336,3,GRENADA,GRENADA,2,Admin0
3,2015-04,GRD,0.01860521792453662,-0.0730349046318713,0.20578923013511582,0.17493768000920648,-0.22438895053844202,-0.310465680198498,-0.7289472535374136,-0.7884861385179692,299.1787159427567,0.7960395452119645,0.2135337613383893,3,299.23960104221015,299.7363805010001,300.0262496008097,300.12896442917724,300.4460022786141,300.80679871551797,0.7827618608944094,0.792345595676196,0.806362667813688,0.8148443840144644,0.8219458637530445,0.8321173148763921,5.550520059560401,5.731560090650333,14.419835481919211,23.10547951897549,27.807869949853263,32.068020878722734,299.77976449521026,300.2425475682575,300.58993428242985,300.7702058158336,301.14994500835985,301.5352890903268,298.6930873499904,299.2306534303438,299.4274067216968,299.4412236357745,299.6689539806777,299.93408942523376,0.83666664,13373.379515137502,106777.40696873213,359.530655357382,296.99110598119336,4,GRENADA,GRENADA,0,Admin0
4,2015-05,GRD,-1.0764282175559914,-1.2726645509446268,-0.6850042302077783,-0.8955699045298875,-0.6955782210928557,-0.8441581590871604,-0.6584758710101606,-0.6801935319428878,299.51220880057883,0.7925091198349904,0.27612614712737404,4,299.6679496780246,299.99737956713363,300.1745853818977,300.53254677286753,300.8812577021934,301.04045174583905,0.7899482444355859,0.8103321425295638,0.8194331291770353,0.8275829294295882,0.8324321046292583,0.8310334138085,5.521292944961244,14.576082828456103,23.00711616461259,28.160570550793892,31.153770851194913,27.385715349057875,300.16962258156644,300.5607299749497,300.8319018765784,301.2388650902126,301.60675673388295,301.7240596115071,299.1649771163241,299.41495859763126,299.469494616977,299.746033888131,300.0125724008648,300.17984138514674,0.84193546,13373.379515137502,106777.40696873213,359.530655357382,296.99110598119336,5,GRENADA,GRENADA,0,Admin0
5,2015-06,GRD,-0.8672167171042368,-0.8247470557753437,-1.0660808887611501,-1.1584289190834618,-0.8513342747459943,-0.9071679627866895,-0.7106549667815549,-0.7483013698130777,299.55029805575424,0.8297141879801676,0.6235578668291254,5,299.8285970157372,299.95115069884815,300.3146089021308,300.6580856124145,300.84346840421824,300.4219984879007,0.8105877187604745,0.8174246497282571,0.8277826374438945,0.8317239451450514,0.8314282544771318,0.8273032522913238,17.98467670400868,24.387131110578284,29.102650012639966,33.791911276074714,28.656882908448456,31.86089382672485,300.41757602954925,300.60826341252096,301.02383656603735,301.3860941789782,301.52790080573834,301.118610446696,299.2115374416108,299.24244233969944,299.528060721995,299.77546962538923,299.9816785575307,299.57169696431885,1.07,13373.379515137502,106777.40696873213,359.530655357382,296.99110598119336,6,GRENADA,GRENADA,0,Admin0
6,2015-07,GRD,-1.2804397193041435,-1.3262368817392758,-1.4300027383481702,-1.4651229396294454,-1.3668655623322292,-1.5693765617384998,-1.002963891939972,-1.0992639330758163,299.673162385965,0.8291387718472903,0.8839829477597688,6,299.87867518184464,300.32328779883784,300.80397971396457,301.0369486831893,300.6233785071083,300.0457441506433,0.8184810535356117,0.8300407144355495,0.831995888913093,0.8298387679551867,0.8217277503380714,0.8022170207292374,21.981777054210713,30.07441055130271,28.994028998960044,26.311587406562644,28.51060529391824,17.657106430870037,300.5178748159489,301.05305576674385,301.51425268948077,301.7196519862693,301.3141453626188,300.65106239468975,299.17986629020396,299.50160907931263,299.9465816332408,300.16377992520074,299.7708668743703,299.3544604536348,1.2774193,13373.379515137502,106777.40696873213,359.530655357382,296.99110598119336,7,GRENADA,GRENADA,0,Admin0
7,2015-08,GRD,-0.5847051479464488,-0.507694769307413,-1.2498972893310143,-1.2992473220120615,-1.5357253518115885,-1.7676812758152052,-1.3020716716357053,-1.4700110736595284,300.2605395740899,0.8264435990412887,0.9507593434492096,7,300.29373888888847,300.8399204210609,301.06575976447806,300.71620202120675,300.1097649473043,299.5998564619901,0.8281410373172321,0.8281261608983161,0.826923402183654,0.8267177466421326,0.8030273712643633,0.7871154948394801,30.572115010684723,26.80740028389404,23.114553088426042,27.454326311208092,18.23569578530756,9.657108429220347,301.03442773708235,301.53627108893374,301.7230017073542,301.40524213803747,300.7217158835594,300.14457824744227,299.44555383481634,299.9874478377583,300.2558327801813,299.85267886078447,299.38783824876333,299.0146388985707,1.6645161,13373.379515137502,106777.40696873213,359.530655357382,296.99110598119336,8,GRENADA,GRENADA,0,Admin0
8,2015-09,GRD,-0.848383398566536,-0.8254204754778262,-1.3327870472414214,-1.5050454911447455,-1.8047831402720773,-1.9433787210207325,-1.4453979312318883,-1.5226745001549258,300.90768827711895,0.81292621168798,0.9189490766207219,8,300.9036701581786,301.1398910825488,300.67817403678544,300.14269035871325,299.6114956542382,299.51272907803036,0.8221605375069819,0.8244625518584624,0.8257304334682742,0.8014671825561337,0.7909962199614756,0.7804858275821754,25.21591922225149,24.414329872979195,30.0226990680576,18.0778462177184,11.693453910754565,6.44155580575908,301.6308377552249,301.82724181467484,301.40243790674145,300.7630468172098,300.1656786840824,300.06547076642073,300.0051886161941,300.2731098200548,299.7706864672667,299.42755634954193,299.0055986094955,298.9618610440446,1.8566667,13373.379515137502,106777.40696873213,359.530655357382,296.99110598119336,9,GRENADA,GRENADA,1,Admin0
9,2015-10,GRD,-1.708284445202824,-1.4091726407521263,-1.6107171190811267,-1.6359744714718987,-2.0128571634652728,-2.102674562246548,-1.532738150960731,-1.6117011898929945,300.87650920673696,0.8186800123195356,0.9125772696348639,9,301.23519530942133,300.7413377782309,300.2322263740925,299.7161715961874,299.52524871924186,299.64619397958376,0.8211892579681418,0.8267302391865917,0.8070486811238128,0.7836741305603482,0.7789385377986634,0.7833392715608912,24.695594748001906,35.14674501944456,21.027762466665063,9.962947528344003,6.786424140309595,6.998514390901714,301.9380036050089,301.49776461724014,300.86971720089457,300.28816013937876,300.07558437493844,300.18965164390045,300.33678691525245,299.7940486312417,299.47969857767407,299.102914529473,298.96077621072135,299.09569219927835,2.2,13373.379515137502,106777.40696873213,359.530655357382,296.99110598119336,10,GRENADA,GRENADA,0,Admin0
10,2015-11,GRD,0.6050166546936766,0.6524474912771375,-1.011864327199501,-0.9391151951959441,-1.8492099903182497,-1.892323966835905,-1.7876991141663325,-1.8634619892037247,300.2060436871609,0.8182426469404683,1.252679130791035,10,300.35408670779316,300.0098753703656,299.49969667741135,299.3967025332358,299.5109952251063,299.99185536334954,0.8284441275773192,0.8023793398309238,0.7858557484698074,0.779153761376882,0.7793013861816942,0.7915817032661889,39.80856126460117,17.90091200092358,10.539103727651378,6.44806826337069,6.4146253283326145,9.52662658435235,301.11678431432273,300.61473756590556,300.04778924751804,299.9398555219045,300.06187125134954,300.5321399156344,299.40312198895043,299.31102022049004,298.9163641571552,298.8501737042636,298.9685899454171,299.4391230512024,2.79,13373.379515137502,106777.40696873213,359.530655357382,296.99110598119336,11,GRENADA,GRENADA,0,Admin0
11,2015-12,GRD,-1.8450866346779,-1.6369668868090337,-1.6839557795853255,-1.5038754757470438,-1.6092595576556006,-1.5912261789519855,-1.5951131796728144,-1.7372111331124809,299.5978516493319,0.8213362581319645,0.5786699884102,11,299.7902897764356,299.3156542152709,299.1955638894014,299.48445065269135,299.944104431789,300.32998362386854,0.8083965546499221,0.7849753852300235,0.7775970084741406,0.7815548274382071,0.7877121025659439,0.8067739102227287,17.20007059468223,11.254870796651689,7.854003159756577,6.558913676841813,7.838065914715942,17.303640662343607,300.40651780861265,299.8716654335886,299.7381248361144,300.0310739515954,300.50507465984487,300.9230263827138,299.0791848068687,298.71859653582885,298.64189888971487,298.95119427951045,299.364210110314,299.7033525226627,2.5,13373.379515137502,106777.40696873213,359.530655357382,296.99110598119336,12,GRENADA,GRENADA,0,Admin0
12,2016-01,GRD,-0.26388716025150005,-0.26346298410081165,-0.7963272202877155,-0.8477589091907413,-1.4289498635310793,-1.4570450018319145,-1.694741175261037,-1.8485977414717425,298.81600773392984,0.7873548045205064,0.25771433059854876,12,299.01386797632983,298.98841032868074,299.27238020352166,299.844187346932,300.3073741225685,300.4088936519865,0.7871582353400779,0.7803682760585352,0.7813052039279815,0.7916333843951006,0.8026247507590605,0.8257053233568588,9.606403284082408,6.193720756074828,5.015411359304248,6.6047541196430934,14.821192745199994,35.01328151055386,299.56809598356426,299.5114723843858,299.7947896526556,300.3646841136626,300.8823781079703,301.0965115786984,298.39814759673567,298.4497086463227,298.76141227310586,299.32572178123513,299.70966308220017,299.6681879690174,2.5451612,13812.165680227083,107243.09602169518,359.530655357382,298.2863753720611,13,GRENADA,GRENADA,1,Admin0
13,2016-02,GRD,-0.863264793501881,-0.9248691775264255,-1.4003807783470288,-1.365631019556808,-1.2627519434150174,-1.2469062376426607,-1.6277492047893714,-1.7247088648476603,298.9743574183439,0.7950313025371598,0.1831169863654995,13,298.92682003534946,299.21697078505554,299.69858139857655,300.1425883974872,300.31536711222725,300.3131015034309,0.7879332454369734,0.7822526503839692,0.7857700808474514,0.8006081136573849,0.8229555724641955,0.8207191279401446,8.759731102672403,5.610596148100331,5.582292529755292,11.886273049749583,32.607269002303255,33.190529518004475,299.4731795339145,299.73687498127504,300.23009454695,300.70095136946,300.9905055899791,301.0615083747323,298.3408963144163,298.7083839611668,299.1776450136178,299.57029754657833,299.5981396548967,299.49254783829593,2.362069,13812.165680227083,107243.09602169518,359.530655357382,298.2863753720611,14,GRENADA,GRENADA,13,Admin0
14,2016-03,GRD,-0.6645542546392966,-0.809195922929037,-0.6676317611728917,-0.7107626754654649,-0.9896805509369754,-1.0439362496824325,-1.612385315733874,-1.7652115517170062,299.2220236393281,0.7991204674871744,0.27007642556526346,14,299.30454053683775,299.90749383415965,300.3529553840398,300.39204796538473,300.3927734599418,300.55921256745194,0.7890426551392951,0.7925048188944747,0.8025243882373759,0.8178299601722396,0.8181313236524511,0.8229944531028831,7.775516033833343,7.069489831103009,10.358516016755562,26.771960957018713,31.850679060852226,36.677766186380055,299.84892243931176,300.42930804154577,300.9046651442317,301.05020710338397,301.1217330969785,301.337090977328,298.75613000484697,299.385823904439,299.78880315324864,299.6873236087124,299.5953582752501,299.67677625775497,1.6838709,13812.165680227083,107243.09602169518,359.530655357382,298.2863753720611,15,GRENADA,GRENADA,11,Admin0
15,2016-04,GRD,-0.2252554172937236,-0.3265718104529497,-0.8929551076847383,-1.118156989308169,-0.7653004099596362,-0.7918850996167984,-1.6355749151184982,-1.8329461397768356,299.96203422070056,0.8106711042872086,0.20224824080453263,15,299.79052266091963,300.1946091638164,300.2104038019999,300.2148208650253,300.4242459862624,300.6303608136197,0.7948979219057396,0.7989230783671719,0.8134638392978794,0.8113809458006618,0.819530263841372,0.8276577983382778,7.3445888294348105,9.230028204082974,25.342012517032554,26.083464418754787,33.66887325968467,35.72579149615633,300.3351442479438,300.72338637537035,300.8523717105256,300.91971670529654,301.1923230634001,301.3742267226069,299.226623774958,299.64551152556817,299.5162428863064,299.44846739017646,299.57047753485944,299.73107246765477,1.0566666,13812.165680227083,107243.09602169518,359.530655357382,298.2863753720611,16,GRENADA,GRENADA,63,Admin0
16,2016-05,GRD,-0.18526919283063664,0.06582955358328761,-0.5781593856891454,-0.514045633480504,-0.575983294338947,-0.6182829986121795,-1.452459861125501,-1.6494721757580393,300.1517231053551,0.8187862346547198,0.6016791028947721,16,300.22919508377254,300.30977214411894,300.31976009146666,300.5894998702777,300.8081496146673,300.72544288367556,0.8150589420164255,0.8219604189521547,0.8204968821359506,0.8261974174538145,0.8259280176137538,0.8285358197226239,18.911819023510386,30.343487546057975,31.703594702540077,35.24625315324872,39.72397677357858,38.82120103294905,300.8327269147307,301.00559068525627,301.0893925454566,301.3879375324962,301.5862515798097,301.4841841812536,299.5481985674235,299.5266043549628,299.4606879822465,299.6792294555765,299.8573882207745,299.7725571892106,0.2483871,13812.165680227083,107243.09602169518,359.530655357382,298.2863753720611,17,GRENADA,GRENADA,27,Admin0
17,2016-06,GRD,0.5350472988671315,0.6392943848651874,0.11030143947155714,0.20305079756255828,-0.5287967291152661,-0.5572512353739035,-1.3099648398452373,-1.4167117516002252,300.03486825947505,0.8267722082691618,0.9728815813374182,17,300.2080517783871,300.313356171839,300.5854592007562,300.907478317243,300.8858501699741,300.36427537778417,0.8247887994848887,0.8221318705157092,0.8261384962813373,0.827117152134051,0.8280395400691779,0.825831825039335,30.921835225690263,29.8445039409412,38.50183089361474,36.3624419137673,37.43838261356784,40.29077389203293,300.93727882895,301.06314581863603,301.39838305922103,301.6789609568674,301.63868859921524,301.1106555922566,299.37573659020427,299.47059551018333,299.6225890403501,299.93863770965663,299.9132930591378,299.49149397092106,-0.013333334,13812.165680227083,107243.09602169518,359.530655357382,298.2863753720611,18,GRENADA,GRENADA,0,Admin0
18,2016-07,GRD,-0.1814701020565772,-0.12122326894138581,0.043993384049896854,0.17219970609076338,-0.4238044817206192,-0.3747289760048306,-1.2179313610669835,-1.349765897383359,300.1308331105425,0.8297756214275871,1.053557822450549,18,300.23622293991326,300.5972600906052,300.8897795945946,300.8463547077965,300.45814290630307,299.82617234993614,0.8279607807957136,0.82810867271803,0.8248801996289826,0.8260003372496916,0.8228264328852154,0.7994875196347574,34.452130717188496,38.37707003406396,36.05288494251911,39.63632384944607,32.78679855500901,21.75850092095797,300.99617589242473,301.4070792001711,301.67493782809765,301.6147883298674,301.18216936079625,300.4698437613841,299.38418867488355,299.6460851946071,299.91021784332764,299.8587228981291,299.566925776352,299.09362852129414,-0.47419354,13812.165680227083,107243.09602169518,359.530655357382,298.2863753720611,19,GRENADA,GRENADA,15,Admin0
19,2016-08,GRD,-0.5002840004012212,-0.5739308800104019,-0.09269794089039864,-0.004197636841047001,-0.5543280861824685,-0.5968982498235528,-1.2178935576259144,-1.3680881587108378,300.676808232329,0.8136363459821886,1.0376308541411634,19,300.54282336787736,300.89506652107417,300.9227848884527,300.3540497990862,299.85681221020684,299.2235796221247,0.8264463103832638,0.822701589874094,0.8245519238656466,0.8246723033396552,0.8030772548367028,0.7805655072529819,42.54721545050567,34.504138265770244,33.286928099452325,40.24928913122297,24.189944538185415,14.657694744651751,301.40778758130523,301.6662139854788,301.6745321775782,301.12963154195154,300.51171112688144,299.8218885044353,299.5410229724979,299.9269088355712,299.95845317050305,299.4366137460233,299.10628329521245,298.55322627967536,-0.5419355,13812.165680227083,107243.09602169518,359.530655357382,298.2863753720611,20,GRENADA,GRENADA,11,Admin0
20,2016-09,GRD,-0.7705583646962442,-0.8450848579329953,-0.7294287178952162,-0.8615159209401911,-0.47061599494882866,-0.4985867059495096,-1.0198846384362117,-1.1450364751137176,300.6821514866129,0.8230999917363233,1.2871076665456966,20,300.82428087799974,300.8798862662509,300.4473550452554,299.8632620759022,299.29021302182093,298.9704328817452,0.8218573219336794,0.8228366902232075,0.8248737459249839,0.8004367224387118,0.7753467114148762,0.7727838217774727,37.061328921817505,40.67731755291835,39.90708038985866,26.317661665677363,13.450614478540611,8.627885722875483,301.67353880229024,301.6641438098464,301.215399595284,300.5399125895005,299.9092000112686,299.54658797675506,299.783510285144,299.85952749833547,299.5347322786737,299.1087461412626,298.60942406720613,298.3581897593256,-0.41,13812.165680227083,107243.09602169518,359.530655357382,298.2863753720611,21,GRENADA,GRENADA,10,Admin0
21,2016-10,GRD,-0.2828430781245649,-0.4677706391540963,-0.835843318014738,-0.9703620096338748,-0.8099990720317213,-0.9819164322653544,-1.0334182878593543,-1.1849994917800841,300.9213499637199,0.8183507756381534,0.8285536327421011,21,300.89797448081794,300.3251627158794,299.77404367622506,299.1619840342976,298.87808478375007,298.96787627091004,0.8200333799221811,0.8247695356072265,0.7983076316086449,0.7817253578201815,0.777152799341796,0.770989472328934,37.47112627020939,46.481017681496546,25.995997026935523,14.251621120449828,10.659598594027928,8.275791239719643,301.6855883264346,301.1170839893325,300.44702007675517,299.7551656759079,299.4816254824853,299.5548080006222,299.87549909435614,299.3844289292037,299.00429415625297,298.5096978952825,298.22056661327815,298.34457809570944,-0.6967742,13812.165680227083,107243.09602169518,359.530655357382,298.2863753720611,22,GRENADA,GRENADA,8,Admin0
22,2016-11,GRD,-0.7041589014868805,-0.8433226964188255,-1.0321998057788646,-1.1536041734684694,0.028409871974176184,0.08633133974591382,-0.30656822383289,-0.32036566547568723,300.3500499122935,0.8302184019971492,2.507977227935206,22,300.60042481150884,299.86911169926555,299.23678790237057,298.97157125147623,298.99668343608823,299.36010501807397,0.8236437348406205,0.80301244862731,0.7792045901050687,0.7741403802719472,0.7758124550612459,0.777244853425392,37.82438819442027,31.44601544574573,14.915012532802047,9.919033215915865,8.384248970889821,8.103965930854551,301.3843381330076,300.57960013646044,299.8609848914577,299.55387411218805,299.5709631192845,299.9344608057935,299.63143395951477,299.0689131372727,298.5415756080663,298.3342639459956,298.38453319669105,298.75857129118816,-0.67,13812.165680227083,107243.09602169518,359.530655357382,298.2863753720611,23,GRENADA,GRENADA,5,Admin0
23,2016-12,GRD,1.5058526190715713,1.561437812464762,0.6824986258399907,0.6880000073343876,0.19578558774031077,0.2278037308678317,-0.15023411383943627,-0.09852222144073175,299.8569794030588,0.8142005296246889,0.8011438646849341,23,299.7331650318662,299.22678429066553,299.0370286368942,299.04715409550005,299.42897650130845,299.86276431276167,0.8122024633104094,0.787630409022695,0.7796874843011856,0.7763513589458089,0.7850723930270391,0.7903711643431179,36.84586738635957,16.16076129905974,10.970031680873113,8.693857967146005,8.508062929217468,12.89069046682027,300.45060551867107,299.83195669014856,299.6278384510404,299.62194386670103,299.99817474028725,300.4442289222911,298.9062412914839,298.5620649480879,298.3912760142092,298.4320435407469,298.8372036388292,299.25773101734626,-0.41612902,13812.165680227083,107243.09602169518,359.530655357382,298.2863753720611,24,GRENADA,GRENADA,7,Admin0
24,2017-01,GRD,0.5332372267169113,0.5353864718613714,0.9311285290463193,0.9566194822705987,0.34733484305561946,0.40908113522742234,-0.02098344425733776,0.05045960667822375,298.88286730562396,0.7875307082106333,0.46182413807603745,24,298.9176810002556,298.8053949957411,298.9238488623385,299.3363381833756,299.8391368810978,300.04296208176436,0.7840698424362503,0.7771435470023927,0.7737017002665019,0.7825581612501711,0.7902569094955715,0.8133776977372276,15.866456136739295,9.27841932627488,8.883844348246312,8.150043747037387,9.773112551476903,24.744969353056018,299.5754711986271,299.38815962544487,299.50407862841314,299.8999187186645,300.4092835278573,300.6949006405648,298.2126385196583,298.1654514720442,298.3106534238592,298.7470468382293,299.24706388246267,299.344657477263,-0.26774195,14428.171360089435,107611.41300681574,359.530655357382,299.31081370473805,25,GRENADA,GRENADA,11,Admin0
25,2017-02,GRD,0.07455732980305244,0.12766857104918602,1.1530012866616426,1.2046999009795594,0.5931982011329099,0.6251193927126397,0.03452254386978315,0.08604737252480804,298.8767332401164,0.7864151427659828,0.28992930596912564,25,298.90524797270734,298.99328564597306,299.38658426497705,299.8349124675507,299.9924329516375,300.08422175075987,0.7845513962533338,0.773715552883045,0.784163121324524,0.7931759858362578,0.8155814259294224,0.8192044823846373,9.238991655666652,8.844685509139367,7.3686288582195845,9.787827856325318,24.735315219104148,27.64671115989307,299.4941223981526,299.5699761412833,299.9328721327948,300.38889056721354,300.6298004355257,300.78857048324295,298.233506023605,298.3771626683397,298.8160840671689,299.2630015971333,299.3122975780178,299.31061931822126,-8.524927e-17,14428.171360089435,107611.41300681574,359.530655357382,299.31081370473805,26,GRENADA,GRENADA,6,Admin0
26,2017-03,GRD,0.46948144018881516,0.7004222528227099,0.40530841565235953,0.39234069693190576,0.6210922296187417,0.6408203101911708,0.06925207835860865,0.1617513648073563,298.98706319969256,0.8067165860703367,0.3342047007306313,26,298.9429079383797,299.38742429778557,299.9184004336014,300.09150194436,300.1514725249747,300.43282687515415,0.7855655107281835,0.7829267040083914,0.7916213204268816,0.8131176850017809,0.8183663803693543,0.8259045811454848,10.834037020883875,7.91856848206169,8.447151282025281,22.531013664485577,26.924097478530832,33.71644508465902,299.53446682176923,299.946981308003,300.46228420891975,300.7184353812857,300.8499924382544,301.189568200924,298.3050420588366,298.7998384775481,299.3663166668762,299.4107032520948,299.39051358524836,299.57521796659665,0.15483871,14428.171360089435,107611.41300681574,359.530655357382,299.31081370473805,27,GRENADA,GRENADA,8,Admin0
27,2017-04,GRD,-0.6397380441268824,-0.7273833934097483,-0.17968262916783065,-0.15768149006152798,1.0133409249259364,1.1037258734156055,0.053988751376700846,0.15943360066054243,299.71510094623983,0.7965208451324911,0.16918844122786778,27,299.61302469632966,299.9708780211727,300.1165575904254,300.12419242366474,300.44056951559793,300.69196674363883,0.7789214782296066,0.7924464987918772,0.8148699312418377,0.8207862764435898,0.8226451014606798,0.8272221522694768,6.087357604512497,8.521830534945451,22.69750222297868,28.236765935935836,33.98654833741843,35.6948128820041,300.15570099560637,300.52904857252884,300.7539250065946,300.8427840328536,301.2052992965909,301.4494418044894,299.04994840000955,299.39080086334775,299.4213256301151,299.33932026074626,299.5702592903877,299.76192641088096,0.32666665,14428.171360089435,107611.41300681574,359.530655357382,299.31081370473805,28,GRENADA,GRENADA,18,Admin0
28,2017-05,GRD,-0.3883370394528108,-0.4738241170704545,-0.5366698926990243,-0.534232739938316,-0.010060521286222783,0.0003767122409220753,0.012068195504875005,0.11862380008857672,300.118934424096,0.8192505899526539,0.5068881052736545,28,300.20576296956136,300.2150038389464,300.2726018994443,300.5974095178916,300.8908535941071,300.91282899587304,0.8158015084166799,0.8268363789546714,0.826353573238116,0.8278087414884657,0.8254450130497142,0.8269938480951399,15.451443125993483,31.5486769746281,33.390476160048294,34.83015911172092,34.89415436398345,33.77096165742691,300.82070919461495,300.918246938745,301.0335111650407,301.38157154983884,301.664183087817,301.65095607095924,299.50590571677606,299.43474420880693,299.407312467173,299.6806326235005,299.9255023626791,299.96939445735234,0.37741935,14428.171360089435,107611.41300681574,359.530655357382,299.31081370473805,29,GRENADA,GRENADA,22,Admin0
29,2017-06,GRD,0.11523827108935941,0.17822850873714513,-0.3647419461857625,-0.39134616761823204,0.26035981086029364,0.3688200067255127,0.25124779801177505,0.36661617242991185,299.9913615711395,0.8288285581233196,1.4261463865916013,29,300.1934706187192,300.3430496459253,300.63298286537156,300.953462153489,300.9849696550142,300.48901816302174,0.8234505248138195,0.8280410560467866,0.8267500489231203,0.8241661568512544,0.8230558048323382,0.8235100973150251,26.28876535148045,32.48755986970358,34.84991335292487,35.27937793986694,36.35816625677417,39.00100903221245,300.89266248241654,301.1135676750836,301.4293902782313,301.7391466784507,301.75286125027134,301.2589717529875,299.42260922073285,299.46967828829867,299.6862074668807,299.96479266813793,300.00117278800354,299.56741044328777,0.4,14428.171360089435,107611.41300681574,359.530655357382,299.31081370473805,30,GRENADA,GRENADA,10,Admin0
30,2017-07,GRD,1.5610032450615534,1.5364956244214962,0.5992247738778591,0.7737169702476036,0.7394590981466438,0.940325000140075,0.6037236924735105,0.7479000893280867,300.00499911164735,0.8387605421300359,1.7267281544949957,30,300.1522246249421,300.62155611982615,300.9300645768689,300.9981278190355,300.48045475648956,299.87105923246247,0.8337904987406961,0.8287251304438702,0.8249075924622832,0.8235803687012667,0.823340604047623,0.8006196661695947,35.97386106899286,35.28821804217262,34.62429732347226,35.283116702247554,37.467207062895575,23.333272452006394,300.93339030770426,301.4159581042282,301.721981766434,301.7599455097491,301.23837143675246,300.52252670105304,299.26749543433897,299.68306121281483,299.9385825039632,300.0193804280602,299.568065530469,299.12721278011065,0.29677418,14428.171360089435,107611.41300681574,359.530655357382,299.31081370473805,31,GRENADA,GRENADA,12,Admin0
31,2017-08,GRD,1.8045666753461076,1.7765358934772346,1.4301840393685517,1.4784293517887495,1.193427194590511,1.307726935669716,1.117844660707425,1.214344548792027,300.51961544241306,0.8342585337069907,1.9958680687958172,31,300.5413588703924,300.8107933757284,300.88677075532365,300.3734024343282,299.7913437040377,299.1381676123826,0.8296436430722356,0.824864343908792,0.8242303579861304,0.8267665380470584,0.8064041177084387,0.7845255734085383,42.77530872093396,34.87900934536672,34.64246517470816,39.49559192922429,26.85835959901984,14.080140354682165,301.3595222199802,301.58823559828124,301.640186997407,301.1367088961541,300.45077013971644,299.75219016208035,299.58185266363427,299.83943864286533,299.91825876703297,299.4312330620421,299.03247385606244,298.4531021426799,-0.05483871,14428.171360089435,107611.41300681574,359.530655357382,299.31081370473805,32,GRENADA,GRENADA,23,Admin0
32,2017-09,GRD,0.39474303043258624,0.45649570733100686,1.8173599588849483,1.6754460903752855,1.3759251942846051,1.4351543787525993,1.3278516916986869,1.4015635293561242,300.8398116865238,0.8180656982044977,1.6345211898305692,32,300.9136956001119,300.8572469443696,300.36948249939786,299.7920276843409,299.14515982319654,298.8085143944015,0.8171069085726475,0.8263156644955495,0.8273348084371283,0.8043101095578117,0.7827337120445294,0.773893228857974,35.20075740780833,36.96332370413867,39.66355849136028,26.284869431012066,13.676236050454758,9.269429999282345,301.7383793602741,301.6242676294378,301.135799419975,300.46751005909533,299.74545348946907,299.3992796482608,299.89172713454366,299.88159154776883,299.4512414795902,299.0181849636222,298.47453135156513,298.16140972187753,-0.30333334,14428.171360089435,107611.41300681574,359.530655357382,299.31081370473805,33,GRENADA,GRENADA,36,Admin0
33,2017-10,GRD,1.3153541248996472,1.3773842718097238,1.7836347195896807,1.6736730366963561,1.8939307052681855,1.7904378195692803,1.860194339196273,1.793999298406674,300.23699810012613,0.8366806334564434,2.0635454340692627,33,300.58097138409966,300.1564526114472,299.67599016553254,299.0789516163665,298.78908012799485,298.8539923043036,0.8302279331279954,0.8275887256822534,0.8012381578179482,0.785712567131874,0.775677910275193,0.7725550777754384,38.09725631296054,39.94661435217292,23.767501884939623,13.26993351721047,10.135654289708254,8.26623919512707,301.3493034664054,300.9122179194223,300.31927826350994,299.66918986275226,299.39071493138914,299.4396316025016,299.6071361663593,299.2706929797235,298.940618373776,298.4095695613321,298.12935710099333,298.2321705734767,-0.37096775,14428.171360089435,107611.41300681574,359.530655357382,299.31081370473805,34,GRENADA,GRENADA,43,Admin0
34,2017-11,GRD,2.3850346553145307,2.59621177773643,2.2710181700366867,2.192009851858829,1.7394721130214734,1.6792015362508028,1.2820906200151483,1.3623343007946687,300.10901712319935,0.8236517749046632,1.2262480663198954,34,299.95217993148515,299.5729963752469,299.066875504762,298.7798629471754,298.829527307011,299.23861009769956,0.8285511424995562,0.8007780528518104,0.7853494666072276,0.7784686151508023,0.7715006622232126,0.7821751689273736,34.0416336860147,20.392833592539866,14.447098872606547,10.06393457669,9.009270172395906,8.71451192259125,300.6694771414988,300.20700235296226,299.6745529967894,299.37140227693794,299.4112270591539,299.8094152426049,299.0789540153958,298.8427758881735,298.3752337467823,298.1307764389608,298.20597805401155,298.6377612423318,-0.89,14428.171360089435,107611.41300681574,359.530655357382,299.31081370473805,35,GRENADA,GRENADA,34,Admin0
35,2017-12,GRD,-0.9673172094649017,-1.0165148132881696,1.328396693074387,1.4425923721560716,1.8506503297815968,1.7935390393833979,1.4148983173211511,1.466539671679257,299.5378367165605,0.8154728978617773,1.1459260969310592,35,299.6606241540895,299.1466167255668,298.865271306179,298.9336218469167,299.33890563047123,299.79403642816834,0.8045256949194567,0.7964403656607306,0.7839949871775247,0.7770090550092407,0.7852415214718522,0.8025055590473102,23.151537384363927,19.04855681874555,11.785353164076696,8.979330309891475,9.06711729983866,16.27178722289946,300.27870843082087,299.7816897017448,299.46516827745813,299.50721932663663,299.9202728989358,300.39467155491434,298.92408147817764,298.41292072295846,298.19408264864757,298.32813945272966,298.73753811795854,299.14786437422686,-0.983871,14428.171360089435,107611.41300681574,359.530655357382,299.31081370473805,36,GRENADA,GRENADA,17,Admin0
36,2018-01,GRD,1.455399281489587,1.5026021142376453,1.2423233891680285,1.3389245905117146,1.6686718564552032,1.6480780385477145,1.4469310275589842,1.476322056796555,298.89808946511204,0.8261749809983883,0.7276235405510157,36,298.9741260669779,298.78237236187005,298.8489089282485,299.27400256074174,299.745228343839,299.8651640625035,0.8155420734079804,0.7820861796448949,0.7712294894621906,0.7813248080840592,0.7976961324424214,0.8143420424289032,21.3136398631154,11.29355825667565,8.85003327616579,8.657860246466662,13.448422503725144,27.617712726724672,299.59803476471325,299.3941632732297,299.43121351736653,299.85416328596165,300.32391416336026,300.53306411235206,298.21883469839423,298.105558604499,298.23338301039286,298.67092157631447,299.13235086401227,299.1426538390133,-0.7483871,14994.700843083609,107804.21887116741,359.530655357382,299.847084705496,37,GRENADA,GRENADA,11,Admin0
37,2018-02,GRD,1.1027897461815266,1.1413566648707765,0.44818854766644756,0.42343738347238097,1.3963010388968242,1.4346570410820672,1.4573758969306725,1.487240724792469,298.3638637108911,0.7719159904789326,0.4624925962954649,37,298.6106087474982,298.91181588681854,299.29524719811326,299.7164359571197,299.88975392682727,299.9257850514872,0.7870744985519099,0.7799672162047572,0.7785702612930127,0.7897654046940931,0.8089872319335084,0.8164040673369121,11.488800087162922,9.55592678341043,7.512603556026356,10.707372611038434,22.541714600593885,27.11852298532173,299.18215205838635,299.5005491575875,299.8647091602194,300.28559075155243,300.5343120556828,300.6447159958725,297.97218784243495,298.28295587672125,298.7073760639801,299.1198893603147,299.1880592283305,299.13906147854516,-0.6785714,14994.700843083609,107804.21887116741,359.530655357382,299.847084705496,38,GRENADA,GRENADA,25,Admin0
38,2018-03,GRD,2.1860135521464295,1.9420526116762913,1.7180131506290874,1.708886912530812,1.2493352594975011,1.3127722205424797,1.4619234739688598,1.48129340144221,298.99814235638416,0.7946678599909398,0.4139499794367689,38,298.83077596559684,299.18524427760025,299.7065267011295,299.8532501023027,299.9013973710061,300.26064218467695,0.7893882230661585,0.7835702953264121,0.7915188669414437,0.8105428202817718,0.8171669263139588,0.8239482960347705,13.282222232929236,8.231299414168506,10.23458996326276,24.60644792345106,28.75040961529706,33.34293773467573,299.42993208174806,299.75125174907106,300.26489367501154,300.49559748229854,300.61930920348686,301.0160496006992,298.21318057772663,298.5901436685787,299.12285123638327,299.1666679404585,299.123826454174,299.4132345115283,-0.7903226,14994.700843083609,107804.21887116741,359.530655357382,299.847084705496,39,GRENADA,GRENADA,27,Admin0
39,2018-04,GRD,-0.348067290423006,-0.45532598545502795,1.1880098829587156,1.1979319987650443,0.718079562067537,0.7723411429481497,1.5222626352365765,1.5110623747712473,299.2856381390005,0.7931948898158715,0.27323769559160294,39,299.2379422268178,299.73275304511304,299.89817772067425,299.9320382015795,300.28448338320914,300.5587625994637,0.7964838688141943,0.7923229577697939,0.8043393162405582,0.8141855191980959,0.8195872581693122,0.8269258174244548,10.900683916407115,9.304451192233499,19.166849823278437,24.517968219166125,30.302978457072307,35.14723949896634,299.821735144973,300.2788169133874,300.5155697764108,300.6239966239109,301.02493852690395,301.3011539559959,298.5865875403355,299.1600540363177,299.23641293390045,299.18283159150354,299.46548948943683,299.66521001143485,-0.5233333,14994.700843083609,107804.21887116741,359.530655357382,299.847084705496,40,GRENADA,GRENADA,23,Admin0
40,2018-05,GRD,-0.18022974736408795,-0.13157274586118423,0.3491933201333765,0.5402697061187258,0.8342635112244329,0.9009657805841976,1.4980317277835251,1.4910409705674157,299.5613758972616,0.8021528071033754,0.3658423135170326,40,299.6614263127502,299.8566566625701,299.91154232335373,300.235643352573,300.5428089027523,300.6444217854549,0.7974227663785834,0.8027588354453971,0.8104935845253447,0.8217122259557668,0.826110616454396,0.8276164091598673,9.617834137463547,15.262688959154216,21.5275057364015,30.140394928455766,34.5609200921559,35.55900602849853,300.2245286447741,300.4437106311898,300.58688493327503,300.9683192304179,301.2824306197332,301.37214193294744,299.0594258591986,299.233838165695,299.1893540019118,299.4110919210901,299.64625028055957,299.73020694517425,-0.17741935,14994.700843083609,107804.21887116741,359.530655357382,299.847084705496,41,GRENADA,GRENADA,27,Admin0
41,2018-06,GRD,-0.7902411848125657,-0.9289227598134011,-0.7816954070540344,-0.9504349426020995,-0.09837628050703799,-0.11414917970491739,1.2067256464981524,1.2855505778922898,299.70580460788847,0.8188733859763473,0.6190722195475343,41,299.83274377419445,299.8905211175347,300.17574005060175,300.4870416156937,300.58781071670654,300.16799250937845,0.8088616790108704,0.8115785478901477,0.8227860988022051,0.8275240049848203,0.828861338401405,0.8229908847441091,15.15977932399968,21.69505075558273,29.97850334966478,34.119525638767435,33.389031249270154,34.10081076431113,300.42942241164434,300.57733672097163,300.911314030895,301.22336998914994,301.3141644312343,300.89697988336667,299.18972451683203,299.1564562865517,299.34668448106055,299.5797352421306,299.67690523414433,299.2934496632349,0.13,14994.700843083609,107804.21887116741,359.530655357382,299.847084705496,42,GRENADA,GRENADA,58,Admin0
42,2018-07,GRD,0.22190809970402367,0.5075472458834968,-0.38841439938150707,-0.3083650341590254,-0.41787912440506514,-0.35798168565475924,0.9639651697619405,1.0939823014430712,299.7189930047117,0.8327746283641496,1.1913110832439409,42,299.78669058109654,300.1685874897579,300.46958598119875,300.57439869840556,300.2091066134872,299.5966607735774,0.8229669375710842,0.8230338295128324,0.8271402919737008,0.8290162207935867,0.8225550270929858,0.7980532636361,31.618923943630826,29.52729214168364,33.57806720533292,36.81173265759482,33.811727870828285,19.9916333928699,300.5133034520934,300.8958061885124,301.21420433733323,301.32046128297634,300.9295395256604,300.22510545328186,298.9787200921307,299.34675405588894,299.5689899954105,299.6312229309753,299.33635739177026,298.8845052011461,0.24193548,14994.700843083609,107804.21887116741,359.530655357382,299.847084705496,43,GRENADA,GRENADA,78,Admin0
43,2018-08,GRD,-1.4988071268072332,-1.461084181289682,-0.9107910673924399,-0.9304800652049723,-0.8186539398191941,-0.8325344703719366,0.4854343709770562,0.6660456412972697,300.0954534177433,0.8116215599060462,1.04243154056993,43,300.0475098968687,300.4019002196019,300.53271535922283,300.1654590982268,299.6234644482625,299.00432088437736,0.8194983926357517,0.8270841118145469,0.8274928885286154,0.8256683288599577,0.7969289824199557,0.7782438086365772,29.350492315892442,32.88797506522581,31.972891931987203,34.020636597090565,20.92976542342722,9.789515716389118,300.77892566676064,301.1439346121106,301.23778873267156,300.89008311517387,300.24827085869606,299.56398668902864,299.19718962614445,299.5051049319072,299.63694030729886,299.29229354382886,298.90358737045335,298.3869143623369,0.3,14994.700843083609,107804.21887116741,359.530655357382,299.847084705496,44,GRENADA,GRENADA,75,Admin0
44,2018-09,GRD,-0.8344685123126762,-0.8229516749611402,-0.9812395066393113,-0.9994920463110823,-1.0886031366830258,-1.1918232696424258,0.16974509872966378,0.2712561255346459,300.4611066720328,0.8190211417352512,1.0624220793501804,44,300.5537644598998,300.531340207,300.1617812225659,299.6325100105012,299.07429862608603,298.76243943201627,0.8178672663427705,0.8280534288204141,0.8234065809682845,0.7947555111641166,0.7781691844959742,0.7691997675789641,28.114661546417974,39.30322832904889,34.68497146691598,18.997140987334845,10.50651991951713,7.56430122965549,301.32730462490093,301.2918044189249,300.8831899962959,300.25789857729745,299.6497264117736,299.33117108672735,299.6209834907597,299.5883660273291,299.30952907843454,298.9269682378471,298.45117633838646,298.1614557213888,0.33333334,14994.700843083609,107804.21887116741,359.530655357382,299.847084705496,45,GRENADA,GRENADA,46,Admin0
45,2018-10,GRD,-0.08056163362620489,-0.2176667469826809,-1.247547036841925,-1.3490052923554328,-0.2975252739266396,-0.11064720600075534,0.18329081057609048,0.3384231998674473,300.3275644352354,0.8145195928923251,2.1154988321605543,45,300.5164589989582,300.15754100904036,299.6369038085028,299.10378873274476,298.85572679138767,299.01458574940875,0.8275416676994783,0.8204724357523202,0.7956705118446474,0.7745437041678155,0.7728355603902206,0.7710924430728726,34.3357771973522,31.923645913615875,18.851412070845868,10.700973153490802,6.837417468926626,6.813000337619361,301.26020637682586,300.8734195063441,300.25964865318326,299.6794257398046,299.4144076467866,299.58125511689167,299.57392192919684,299.3069163989713,298.9346293996795,298.4771602670706,298.2700446496456,298.4389776215733,0.8096774,14994.700843083609,107804.21887116741,359.530655357382,299.847084705496,46,GRENADA,GRENADA,21,Admin0
46,2018-11,GRD,1.772699722715473,2.0336496980378707,0.5770666452258957,0.757075560593653,-0.4720395433127901,-0.32155350670463084,0.08477818573069336,0.21928273257807215,300.17449613886896,0.8173096701605,1.0478585109212801,46,300.11806104646945,299.6333486457376,299.0539349198767,298.80357713360627,298.99045985471406,299.4822355921511,0.8233524799050629,0.7944499481448811,0.7757458512754987,0.7694385441550955,0.7723191829781614,0.7824999412684174,35.037196604397565,20.333524789707035,11.43712231627666,7.255562223028418,6.167689148851459,7.181311654988759,300.83029257962653,300.26475352496834,299.6437402111337,299.36576104361956,299.54428544434626,300.0310703920934,299.2851563655149,298.9198886164432,298.4102116932032,298.2095824059019,298.42505909230465,298.9233776845585,0.92,14994.700843083609,107804.21887116741,359.530655357382,299.847084705496,47,GRENADA,GRENADA,23,Admin0
47,2018-12,GRD,-0.9631670052254395,-1.0126581511536465,0.2480772227115855,0.2793713278590742,-0.4821426401954009,-0.43652223923941263,-0.42005223165112415,-0.3877301406418754,299.26059645663236,0.7678379444961405,0.28735370853113096,47,299.2437799749115,298.75286005582535,298.637025892077,298.85126589670585,299.32801667834144,299.85144229352466,0.7831634791551596,0.7797589050115721,0.772524867927049,0.7713617402983215,0.7809281441174827,0.7996835516414074,12.331067238400335,10.193252418401173,6.318468069887218,6.376951883272289,7.243360104892522,12.813279797944421,299.84687860748767,299.31327096537365,299.1776223385883,299.40459071042113,299.8751467931014,300.4252364579915,298.5357405800575,298.13949242676216,298.0714348717475,298.28665902362303,298.7749794484124,299.2606333228006,0.9,14994.700843083609,107804.21887116741,359.530655357382,299.847084705496,48,GRENADA,GRENADA,4,Admin0
48,2019-01,GRD,-1.4118283134123495,-1.5401708817654012,-0.12956847175193142,-0.16091296391560375,-0.7030328436994198,-0.6850722731124853,-0.7278072838645384,-0.7464863691218203,298.7887197536391,0.7646920639070961,0.12917220886169875,48,298.6944162503647,298.5622783742561,298.8399671946215,299.268084424002,299.833958783693,300.0452266343036,0.7838876870773017,0.7832888426221964,0.7715472552083485,0.7812526891160162,0.7964205105333403,0.8139255404959813,8.995765012856136,7.2520659893176935,6.635149774880599,6.30210727291723,9.762957523872181,23.913171027834824,299.22008092042375,299.10328980366495,299.39433408906285,299.80927245787746,300.3898431165633,300.67746870115155,298.11594638078105,297.9796635120002,298.27906874874117,298.7182403078012,299.25624445033776,299.3691818438662,0.7290323,15038.49587280028,108069.2816296409,359.530655357382,300.5843313200024,49,GRENADA,GRENADA,10,Admin0
49,2019-02,GRD,-1.8615657675504513,-2.013409702356735,-1.5849761167336351,-1.5144302194550705,-0.5500344465795406,-0.5883247898089028,-0.8101006352378802,-0.8412777561235415,298.6296480095918,0.7774978178653938,0.2199007260131159,49,298.59373866995526,298.87959268733346,299.35369933433475,299.962669002939,300.1593058190984,300.2227885804338,0.7828294762492982,0.7787720463536454,0.7824475153112959,0.7981595594912951,0.8169074212888092,0.8188003796963097,6.968054195401109,6.998347930725178,6.382857236762927,10.009556445980117,26.907759942013854,30.23820992551731,299.15002535864477,299.4355496234276,299.898139834371,300.530098020977,300.825499599912,300.94840348267235,298.008563828041,298.30833507880556,298.804647161881,299.3733921581828,299.43832118351514,299.4230566683858,0.6964286,15038.49587280028,108069.2816296409,359.530655357382,300.5843313200024,50,GRENADA,GRENADA,15,Admin0
50,2019-03,GRD,-0.07773041975424784,-0.4208191073041634,-1.5247745345614228,-1.6398529157319797,-0.4202374725480856,-0.48323603837158813,-0.8853706284902403,-0.9418635494195022,298.763368027368,0.7910816463971195,0.24439328701706367,50,298.71221302213416,299.24201323143785,299.8621540839687,300.17989832283405,300.2851697696278,300.5175739292479,0.7810713305076427,0.7840175872641881,0.7923623750010182,0.8105984945362,0.8167973643200634,0.8234542348335581,7.412166771773709,5.9477347839087935,6.664291683896224,18.92010972727399,25.028795362246466,32.139900997747226,299.27293504356686,299.7837066245676,300.39322841061096,300.77723950145526,300.97216565060927,301.27132233349363,298.14066446710314,298.6947854136442,299.3288656780105,299.538732168267,299.5457395716415,299.6916206680223,0.9903226,15038.49587280028,108069.2816296409,359.530655357382,300.5843313200024,51,GRENADA,GRENADA,17,Admin0
51,2019-04,GRD,-0.09550968861011835,-0.17427812646976762,-1.0339113264314232,-1.4449314448897101,-1.5850440866845545,-1.7279981642435343,-0.9216821763848142,-0.9890753178141566,299.2493584187169,0.7969941924831287,0.22580205002410364,51,299.1010535353694,299.8328239780759,300.15309019026375,300.18462704583175,300.4830026326003,300.7264227184437,0.786923354876556,0.7931822028929172,0.8062206155394143,0.8166609911913089,0.8218032141418923,0.8291049867314226,7.009708598760372,6.598112191810079,15.959943355447287,26.52047036641254,30.353152236007187,37.0532434419685,299.6431740135552,300.36353999545156,300.7464774872171,300.88373180329,301.2231639158082,301.4805227252789,298.54913986636484,299.2977909923768,299.5207514311931,299.4213093590781,299.65427465202475,299.8223487018928,0.77666664,15038.49587280028,108069.2816296409,359.530655357382,300.5843313200024,52,GRENADA,GRENADA,9,Admin0
52,2019-05,GRD,-0.561175399447205,-0.5539266512969552,-0.5990212581564526,-0.8244169773160781,-1.703384354710854,-1.927621761552359,-0.9856891956641122,-1.0673606667713273,300.01810990810804,0.8083658637190481,0.2755042045255158,52,299.95470394581963,300.1715643194188,300.2127116215256,300.4691864007133,300.73874637755716,300.8661221720631,0.7978648927520757,0.8102140038079981,0.8162275084859738,0.8246295425725486,0.8269853751872321,0.8266513586058564,8.816891244230273,17.307040759427757,24.523248886728155,32.56494462489232,34.29616317274044,35.045326592746676,300.50575681401557,300.77950681500425,300.9034652167686,301.220512054132,301.48591034502414,301.60732755155306,299.38594795071975,299.5112387787523,299.45059012527065,299.59907701392154,299.8211110343359,299.93138105173637,0.7419355,15038.49587280028,108069.2816296409,359.530655357382,300.5843313200024,53,GRENADA,GRENADA,22,Admin0
53,2019-06,GRD,-0.8940806046687652,-1.0616726107470735,-0.9351408581534819,-1.1263348396644934,-1.4995910129649073,-1.720702520658213,-0.9791503952072208,-1.0659063930934525,300.23871799594946,0.8220029164141939,0.7337462126895179,53,300.2541677148204,300.2508998470655,300.485966701232,300.7619702603533,300.8866175110455,300.44116432545303,0.8151933267785958,0.819469781364333,0.8254829230141112,0.826256962689904,0.8242227035083679,0.8234306138965816,22.33535096673684,26.186818955858143,34.50219492239052,36.34945811415218,33.308010024346785,38.69351348261427,300.9162254664092,300.9720979350108,301.255787696424,301.5163109230148,301.62029571858966,301.1925277317122,299.49509122465054,299.4424452785081,299.593899666062,299.8298324929271,299.9486430988528,299.52970004791433,0.6766667,15038.49587280028,108069.2816296409,359.530655357382,300.5843313200024,54,GRENADA,GRENADA,11,Admin0
54,2019-07,GRD,-0.6258307355279807,-0.6562997855651235,-0.9755093128007758,-1.110423557463665,-0.9293597716442273,-1.2061739623004442,-0.9930077818057724,-1.1101762364079504,300.05465047546755,0.827365663493317,1.199907059416492,54,300.14282798460687,300.52479553076216,300.893915857255,300.92810145630875,300.54430856601243,299.86188274750964,0.8234967358381228,0.827588090564702,0.8226705046100127,0.8234475398234548,0.8226922759688048,0.8041311141623536,27.788018745941635,33.58621816753981,31.14046348214233,34.51103300737262,35.35097382731591,26.385828980094395,300.8628020311579,301.29463973342445,301.6436802325812,301.67492774571684,301.2874683012727,300.5380907402916,299.3244260551855,299.61418297373814,299.95800546373675,299.96010820238945,299.62673784549037,299.0914427060089,0.42258066,15038.49587280028,108069.2816296409,359.530655357382,300.5843313200024,55,GRENADA,GRENADA,18,Admin0
55,2019-08,GRD,0.3846854498204371,0.3453430321195287,-0.5243063507303999,-0.59157522820466,-1.0624567303486394,-1.3955965038944005,-1.0644025452343877,-1.2560117737065224,300.43925293362935,0.817630271630878,1.025517967521042,55,300.38214487061356,300.8287213498285,300.9271726136563,300.4517694607019,299.8974930751662,299.32828871614555,0.8262792772566123,0.8226775988610029,0.8229463786274547,0.8222707581786354,0.8029117670816329,0.7823253033138764,35.586397220188374,31.42168018733714,33.49195891309935,36.79531965249671,22.841367509827712,13.347037056220778,301.2046140408655,301.5860570021385,301.6687167467709,301.20668014996744,300.54835860914875,299.9314918594553,299.43011761710295,299.8835431225928,299.96936118316614,299.518494011921,299.1373374574392,298.64627109662575,0.19032258,15038.49587280028,108069.2816296409,359.530655357382,300.5843313200024,56,GRENADA,GRENADA,3,Admin0
56,2019-09,GRD,-1.724695318732558,-1.9203623351693477,-0.8365415182015419,-1.080863581964876,-0.7389156529057671,-0.8276545156291315,-0.8367450863077777,-0.9257971410821046,301.0595657072457,0.8049314426950127,1.4977682159337926,56,301.0667178015236,301.0269062214109,300.614743768217,299.98410805177537,299.4414711501019,299.13259645812644,0.8159641530975642,0.8193876443054126,0.8220748267738699,0.8066467209253407,0.7859401137860621,0.7760534583444241,28.083118608141564,32.49817294417204,37.330010005759114,26.929025609639986,15.45816652858935,9.04258897839612,301.82794666974405,301.79051324630484,301.38270055796784,300.66377905438196,300.05808453308936,299.7210872331649,300.11226854385916,300.0278762712122,299.65800988014985,299.19510159475664,298.75013082602766,298.49108917391806,-0.01,15038.49587280028,108069.2816296409,359.530655357382,300.5843313200024,57,GRENADA,GRENADA,0,Admin0
57,2019-10,GRD,1.1414076222556977,1.3429642628379073,0.08064892981532316,0.19388843974961925,-0.8770929177985229,-1.0158442766205518,-1.4998561276257316,-1.7188853765051835,300.62237823009525,0.8116841670526038,1.064724989308803,57,300.8097112407004,300.4682215632212,299.77930870457874,299.23340272642645,298.9659963038559,299.09873948029093,0.8159233082458021,0.820078658290382,0.8021537622138633,0.7842021236532815,0.7716400362956412,0.7711247562201617,31.5071534925114,36.896647054290284,25.160130016457114,13.615119034746167,8.701002508814131,7.04164440528321,301.59068787983557,301.222243816114,300.4501791445991,299.82981909362,299.54854455774546,299.66156952379583,299.7921794084969,299.5610490553096,299.0164823787563,298.5617571932148,298.3371369581862,298.5194519368468,0.5,15038.49587280028,108069.2816296409,359.530655357382,300.5843313200024,58,GRENADA,GRENADA,0,Admin0
58,2019-11,GRD,-1.421485314579002,-1.3965468079081222,-0.891287491332013,-0.9529949090437291,-0.9866292099999688,-1.1522032228398054,-1.596524361426872,-1.8370646296307855,300.3580439810221,0.8123167850737408,1.0339479270194563,58,300.32170378441714,299.8442344434895,299.237699250159,298.9515812343374,299.0240690791413,299.4162196382201,0.8160719746180788,0.795838073699264,0.7818781877329575,0.7692897943870235,0.7663346256669683,0.7730713548721418,31.83613219801402,20.40387072029781,12.447234318383968,8.647397662357802,7.46927231993683,6.690642326430315,301.0944125926264,300.46996411939875,299.8371230123624,299.53124599301304,299.596293495743,299.98082167414265,299.37858692645295,299.11966849701685,298.5584218134037,298.32767717507227,298.4251260530963,298.83904272251266,0.50333333,15038.49587280028,108069.2816296409,359.530655357382,300.5843313200024,59,GRENADA,GRENADA,0,Admin0
59,2019-12,GRD,-1.0691158768162485,-1.157726553361332,-0.8023636493614288,-0.9109117887142525,-0.8016129609794288,-0.9451253415958941,-1.3129874187162753,-1.6017946590787366,300.0145196295715,0.8038392639185012,0.6108415855806885,59,299.83341173454903,299.19498310233723,298.9462964073257,299.04487815301144,299.4079400371544,299.8747047871137,0.8089411813791637,0.7782074926334394,0.7735245159972521,0.7663766132059796,0.7702229851202788,0.7896853466580881,27.288868949935075,12.885693196602233,9.00076227557912,7.2828055657197,6.390530480368407,10.297680489346245,300.534795169726,299.8125832308432,299.545862164707,299.62380741957287,299.9626093954681,300.4373579524187,299.00353138533404,298.5066008527611,298.2995810811534,298.440381423975,298.84695909370447,299.30136163642544,0.4,15038.49587280028,108069.2816296409,359.530655357382,300.5843313200024,60,GRENADA,GRENADA,1,Admin0
60,2020-01,GRD,-0.02246946204426205,-0.09235229986802278,-1.3141493703223277,-1.3899398609445235,-0.8397160338970849,-0.9702111241759807,-1.0777391328168373,-1.329029279032135,299.2700746165501,0.7951515411636932,0.3491269848871954,60,299.1209937436858,298.8813250047641,299.03181249507685,299.40490296286987,299.95726915317624,300.14702509755995,0.787113516403245,0.7722712391978783,0.7684172896035736,0.7745643870603353,0.7902215084808906,0.8112400199854857,13.583027869196128,9.614468760715761,7.336948537230786,6.3745767776440445,9.240667099975191,24.037643713572855,299.7238055308784,299.48687038380075,299.6079786092293,299.9619859770767,300.50272697598734,300.777738798175,298.4336283170518,298.2223768864783,298.43400568084087,298.8343489599918,299.41311922604103,299.4772965579585,0.5451613,12701.146905728916,108331.3807980557,359.530655357382,301.31333499328935,61,GRENADA,GRENADA,6,Admin0
61,2020-02,GRD,-0.29510551200840257,-0.3850370643347684,-0.742491434662481,-0.9120426374299989,-0.5921420422765556,-0.7295465997100241,-0.9663786870212986,-1.1954331672371397,299.09000377899844,0.7802066812411339,0.3049546438079049,61,299.0398600528172,299.08658154936523,299.55279385679984,300.0385198984128,300.2055782506907,300.26140757241245,0.7822719569666733,0.7725213217839908,0.7795700292643071,0.79333019978859,0.8167583762246409,0.8180409080030062,10.142675046322848,8.14944534838134,7.272308684983469,10.5395416013105,27.091995022290327,30.147097559482496,299.6447964585634,299.6684185089856,300.1133026261594,300.6060892597755,300.8743954834651,300.9978944199643,298.36062445103113,298.4765559087527,298.9784729218522,299.4505403793029,299.495114472823,299.47311230376,0.35172415,12701.146905728916,108331.3807980557,359.530655357382,301.31333499328935,62,GRENADA,GRENADA,5,Admin0
62,2020-03,GRD,-0.1370874333165221,-0.4199497044978588,-0.20887540391827916,-0.39474524287696783,-0.9416996760786689,-1.1239996764124875,-0.9733631524103158,-1.2066769007981357,299.1496914109386,0.7453072921632825,0.1899865993018582,62,299.05530180029115,299.5172818256299,300.02319703177767,300.2464538734648,300.279904183679,300.54569173218107,0.7722641833160153,0.7792905691792317,0.7912383636597833,0.8129497323628438,0.8165401303179408,0.8252367837703504,7.897843170106619,6.982556356363728,8.246115257126526,23.890711283245643,29.03748987080246,35.908375087689485,299.6388863216588,300.08199332091993,300.56978732153124,300.8919706543214,301.00168693333757,301.3270781223476,298.44109145445617,298.9354896592135,299.4625076665521,299.5604819945745,299.4979895000059,299.68627848200236,0.43548387,12701.146905728916,108331.3807980557,359.530655357382,301.31333499328935,63,GRENADA,GRENADA,5,Admin0
63,2020-04,GRD,-1.0280009833606014,-1.053940850502627,-0.7704338110685143,-0.9671525240278253,-0.937476403614765,-1.1489136621944491,-1.0192433366477536,-1.2936462401088822,299.63439356466955,0.7764041078176996,0.16003058159666575,63,299.7376646116121,300.15561714111425,300.39189379764,300.4208125883684,300.6886964023004,300.90459427408905,0.7744534603618313,0.8033736794231523,0.8208540022104037,0.8212267064282656,0.8252839767129463,0.8280582712234361,5.556477402143712,12.564742914588342,29.5986810444311,32.98306118653995,37.506371091194175,40.437043370956175,300.30525862165194,300.73336254524384,301.07662969019594,301.1862198483571,301.489386719131,301.69578589971894,299.17619978928207,299.54529511981895,299.6406885847115,299.57288461146766,299.7781217726972,299.9374863202517,0.48,12701.146905728916,108331.3807980557,359.530655357382,301.31333499328935,64,GRENADA,GRENADA,0,Admin0
64,2020-05,GRD,-0.5921377665812457,-1.069888504318538,-1.0364239458685427,-1.6245721991283115,-1.0489874048434225,-1.2722562382292155,-1.0982433407741459,-1.3985218584431223,300.3003532435953,0.7907599946401856,0.17282507484034543,64,300.2136490034741,300.3277941094175,300.3447611151735,300.56398855668454,300.82345529002686,300.7587024990471,0.7955420842768278,0.8146188241136444,0.8149920293462107,0.8266018663769075,0.8270045039094228,0.8295956545481233,8.571356552128542,24.766780965873323,28.225274209093282,39.82529205772887,40.144825842804906,42.701217922014926,300.76133047439794,301.0037887126204,301.0906164957279,301.37018970249136,301.62126867262793,301.53492701036737,299.638953839983,299.5798606481408,299.5197487220373,299.6541874701492,299.84477909898015,299.7800503659042,-0.19032258,12701.146905728916,108331.3807980557,359.530655357382,301.31333499328935,65,GRENADA,GRENADA,12,Admin0
65,2020-06,GRD,-0.4830988188514261,-0.5017152061251938,-0.9582752163956217,-1.0984895388675584,-1.3373459933417602,-1.6100688573394673,-1.1386502100644955,-1.4071524315250743,300.2981627845244,0.8110501343377103,0.7546281461038064,65,300.2296581000148,300.33304870776897,300.5675733246997,300.7906202582262,300.77439976391645,300.2773688624226,0.8216603393639634,0.8208203979270692,0.8256217405349918,0.8269503649291362,0.826695587962771,0.8228359716316926,27.13783901446948,32.03987702485194,38.157853997267324,42.522127922863866,42.52766514378574,41.62357118503917,300.94116766474394,301.1023387272345,301.3821406483109,301.60133143588723,301.5569754663608,301.0510989639925,299.43159458333884,299.48068921042915,299.62759663432047,299.80312786433944,299.77815326562853,299.3555242062636,-0.33,12701.146905728916,108331.3807980557,359.530655357382,301.31333499328935,66,GRENADA,GRENADA,9,Admin0
66,2020-07,GRD,-1.1607971838274425,-1.5393909021528267,-1.0524416483389096,-1.3377503083269644,-1.2720925356795787,-1.7674080426972254,-1.2591435648250886,-1.5552714832726755,300.3148959444019,0.8178866655325586,1.049687790198425,66,300.34934333214784,300.6496287430679,300.8691458788824,300.85786595953994,300.44731070950445,299.825782751858,0.8225072024243575,0.8266352906640633,0.8249143954927031,0.8258127234817072,0.8242482074388353,0.802350094323727,31.435152649206895,38.92811621289179,38.03087591675855,38.720434661676556,39.83053409563391,26.72354176987616,301.1258815841015,301.4664434173867,301.6634869406357,301.628324666061,301.21317719472677,300.49665788379576,299.46322434591065,299.6933877598362,299.88118479089655,299.872440181542,299.5404146230381,299.07339545141065,-0.12903225,12701.146905728916,108331.3807980557,359.530655357382,301.31333499328935,67,GRENADA,GRENADA,5,Admin0
67,2020-08,GRD,-0.16867706302191054,-0.16788116648255189,-0.8487079545364461,-1.0051520919326715,-0.893526437635151,-1.0856751001323262,-0.9911059502796132,-1.2083152240246682,300.51661534851854,0.832723619838252,1.5212609156757428,67,300.49753333320797,300.9256602311658,300.82201539630785,300.3771779462633,299.75983638439646,299.14531609690226,0.8281122890325788,0.8219263648132787,0.8265300199886891,0.8265360680907644,0.8032180940266412,0.7825199516102819,42.276089381861524,35.376941106384066,40.70123101386723,39.60867280508159,29.463647380045185,15.960505135413294,301.3624249421063,301.7221282752577,301.60806089442167,301.1423045250187,300.44193584247546,299.77110205138865,299.5004148126447,299.9249296740363,299.8220716581983,299.44594715829777,298.99270669815274,298.43730458792555,-0.5322581,12701.146905728916,108331.3807980557,359.530655357382,301.31333499328935,68,GRENADA,GRENADA,33,Admin0
68,2020-09,GRD,-0.18320483644887015,-0.12385742818826605,-0.7654821847259522,-0.9214468505947232,-1.071500865311857,-1.3176893308170494,-1.4142796803179167,-1.670885425646119,301.1210205865527,0.7936769012921101,0.9275140946414809,68,300.8833942400247,300.91912114421757,300.3419658916676,299.73488889152105,299.19045871242264,298.8618814137933,0.8178627632670462,0.8232143311852101,0.827592947384175,0.807962691740979,0.7852970317889991,0.7763815447555982,30.607352025842655,38.45117634511242,42.18802209773228,31.044198540092083,16.492782030710543,11.059714576118514,301.67238335798635,301.70373691183767,301.1130490925683,300.415470514721,299.82045307574646,299.4713785170785,299.88797674633105,299.9130467022703,299.42285480373965,298.96496821274184,298.47351855958163,298.1851260962487,-0.62333333,12701.146905728916,108331.3807980557,359.530655357382,301.31333499328935,69,GRENADA,GRENADA,79,Admin0
69,2020-10,GRD,0.051948452038684804,-0.19511083616324945,-0.22063108972708081,-0.21771687780071358,-0.5700375336051735,-0.6775718545293214,-0.9488946866562343,-1.1853342629390966,300.6047983721353,0.8163093804032272,1.675043742507571,69,300.74478301265157,300.30696076587213,299.7042424034167,299.1290589091712,298.8130657682108,298.9432095684432,0.8225148179149113,0.8282539919798817,0.8085673281461595,0.7891979854286468,0.7766698679290124,0.7718571166243987,43.25941101322062,48.56829642495134,30.74549339031653,17.375415492089395,10.574877625400136,10.309009482197444,301.5753402044338,301.0925706002204,300.37955096542794,299.74315953179934,299.4079958119199,299.54405918818753,299.6692324938615,299.3912111306799,298.9362427194355,298.43665542479414,298.1703212951535,298.30303558144243,-1.1,12701.146905728916,108331.3807980557,359.530655357382,301.31333499328935,70,GRENADA,GRENADA,99,Admin0
70,2020-11,GRD,0.45709903515744366,0.4054588176638642,0.1134003691520694,0.04915957471111226,-0.1455123484962686,-0.14236639884504154,-0.6543175477860448,-0.8085364996658276,299.96421251841616,0.8235513714194088,1.5886104769258995,70,300.13314055892937,299.6100819605505,299.05524506055156,298.7956855136476,298.89068001801024,299.2710465462823,0.823450514470863,0.8004910630610373,0.7914667131379453,0.7825022867551538,0.7754828622852561,0.7821971923677112,44.71612746839429,25.17421943620947,19.340884501398723,13.493578613616423,9.9680191591393,9.984171687848004,300.92107526778074,300.25578114697504,299.67537081584146,299.4015582029062,299.4792903990249,299.86338126932384,299.24204209008644,298.881575063072,298.3710770841327,298.1299406654241,298.2651200045013,298.6598780342975,-1.27,12701.146905728916,108331.3807980557,359.530655357382,301.31333499328935,71,GRENADA,GRENADA,0,Admin0
71,2020-12,GRD,0.2548976716983038,0.2624367331648329,0.3180917892831048,0.23965032447863152,-0.049350677988955365,-0.07078474709462353,-0.6835184585446235,-0.8326071036593533,299.5590245741522,0.8022544947392519,0.5224417098806334,71,299.49026735111863,298.9503210310515,298.8018377027272,298.84239284770223,299.2713857384079,299.6943121442741,0.813547758115204,0.7911312645028918,0.7820361007826777,0.7784300879174568,0.780582320671621,0.7985967915114932,24.17782401360438,19.353972535314035,11.743517184790703,10.92308818129269,9.446876165786808,17.754691174509443,300.1293305163766,299.57641054570223,299.3959096405654,299.4371333923799,299.8521341934394,300.3007272317272,298.74617712781094,298.25343246873837,298.155792088104,298.2124510078843,298.6701063199127,299.06390917077385,-1.0548387,12701.146905728916,108331.3807980557,359.530655357382,301.31333499328935,72,GRENADA,GRENADA,0,Admin0
72,2021-01,GRD,0.439373546610519,0.43347894651353247,0.4664191829648445,0.44606737519460254,0.18125488550338872,0.1975743993238784,-0.5218096858888623,-0.6314874547343553,299.1648170705498,0.7737877078985139,0.5339284677568016,72,299.1552319799245,298.8927045132248,298.9867186242179,299.4479051737191,299.87151137603666,299.99213741438246,0.7727505337564836,0.7838378616662677,0.7842095538004749,0.7896240946138918,0.8027223941870238,0.8178699902483211,15.25356412370544,12.369545805214932,11.559665704405404,11.471928776242313,19.130594366674817,32.48535714865113,299.81673064880823,299.49559827729064,299.58088136472776,300.0505344825058,300.4992129376329,300.68948732028673,298.4587133474539,298.21409688202755,298.34314870915233,298.8082069533982,299.2008477650077,299.2196166113681,-0.90645164,13492.97073775484,108724.27121383957,359.530655357382,302.40612196410643,73,GRENADA,GRENADA,30,Admin0
73,2021-02,GRD,-0.6292556554090033,-0.9880131210255244,0.16701737476278186,0.10368711729047808,0.044631652104187625,-0.040555411370358126,-0.48415537585537455,-0.5849047674270098,298.8131785445511,0.7710089176810779,0.32137843111723124,73,298.785060060726,298.84945716931486,299.3174841466409,299.8151742206438,299.92583404645353,300.0105433626754,0.7741083225573325,0.779287058318302,0.7878720628369439,0.7958723500913613,0.8155289203041781,0.8175625505512109,11.396125604141488,10.60251763719216,11.27906314977533,14.312461918190444,31.25854440031391,30.028758849661493,299.3942356284519,299.43613470253894,299.9089460683215,300.4116498546627,300.6124173511635,300.7518790226007,298.11413923549725,298.21479721280144,298.69215052002045,299.17916721471715,299.1888887493944,299.1980130847013,-0.8464286,13492.97073775484,108724.27121383957,359.530655357382,302.40612196410643,74,GRENADA,GRENADA,0,Admin0
74,2021-03,GRD,1.2438656421772627,1.3021414101519104,0.31004456195536045,0.20742258677005293,0.5265755267368853,0.4952589988940225,-0.30429158846101195,-0.3350368856217964,298.71112096558534,0.7931264679387188,0.4975462787488679,74,298.8340135826085,299.2627438530388,299.77163945992214,299.96823326944514,300.0533965068134,300.4112411814808,0.784564929678339,0.7849287313686335,0.7941524443362494,0.8114757640419532,0.8152312631331474,0.8211590318034098,9.40186311347499,7.690997702424862,10.800616606640986,24.55988581666398,25.550503153398992,33.23277920579746,299.4089199367856,299.8206982690468,300.34218529059365,300.6109004159846,300.76443049611106,301.1786285368427,298.2129398283516,298.6818221131118,299.1707700223619,299.2604886614824,299.2796934799917,299.5483146260526,-0.60967743,13492.97073775484,108724.27121383957,359.530655357382,302.40612196410643,75,GRENADA,GRENADA,0,Admin0
75,2021-04,GRD,0.5853095297531763,0.9125919839541368,0.33560992881682644,0.3866721413512109,0.23259726344874415,0.29634536100411024,-0.2446637183200076,-0.21784198001409263,299.48719325650126,0.794979640307299,0.28214619301096794,75,299.5300571545597,299.8661808552137,300.0660676707514,300.16744445030344,300.5332841386195,300.76321950299763,0.7897973010966253,0.7978436766538239,0.8131581254921671,0.8146866058619359,0.8210011849804937,0.8265024225555726,7.302724265045881,12.382867733979907,25.574723921996927,24.722437509401676,32.407690604682806,40.08804727969095,300.0974079084974,300.4518603545931,300.73536106273525,300.8751945797526,301.31112150459984,301.5604867064567,298.9470208152168,299.2347110066609,299.33246814938065,299.3876383269296,299.6465356765183,299.804836901795,-0.56666666,13492.97073775484,108724.27121383957,359.530655357382,302.40612196410643,76,GRENADA,GRENADA,0,Admin0
76,2021-05,GRD,1.067368365428801,1.2822565972149818,1.2473771134100957,1.3609767841573275,0.2728956842759468,0.3101288732670635,0.03118097609248901,0.11376560598338464,299.6715284990362,0.8098293231906635,0.6987753113619425,76,299.73068452867574,300.00343264885475,300.12256454632285,300.5181702985538,300.7926663868873,300.8287684346725,0.8041561031742973,0.8130803598617093,0.8184435644600829,0.8225870129263306,0.8253366624666809,0.8273317620888634,18.63095314442524,25.052965365249705,27.737694104490895,33.78153238098628,38.155429564247456,38.341188670189055,300.33476827076845,300.66696129513645,300.84724164495236,301.3087507204216,301.5833723028135,301.5995912727569,299.08006009683015,299.26493564853877,299.31931168565,299.6209383700311,299.8396905252019,299.8566334933069,-0.37096775,13492.97073775484,108724.27121383957,359.530655357382,302.40612196410643,77,GRENADA,GRENADA,2,Admin0
77,2021-06,GRD,-0.30845502232089345,-0.3347581483771921,0.4168172580495392,0.5820009235277872,0.6084182361395063,0.7258337607158505,0.26949670646044777,0.3645751673077924,299.83507856256193,0.8162358215625202,1.2122435331746304,77,299.9112710544279,300.17255105992024,300.5715601446614,300.8052777920425,300.81354856673124,300.3750442660661,0.8218363154260983,0.8231724930426805,0.8258182543276968,0.8255178635296231,0.8276083511346292,0.8225515856481114,28.298622748431487,29.45090773070326,36.89742576770203,40.83397326607946,40.21850447337882,39.43050860685355,300.5949604662206,300.9261390322651,301.3910085063609,301.6185287366189,301.5993677436742,301.13183689761894,299.1622448042449,299.3254572929955,299.6270428752033,299.80512950787306,299.8277360402891,299.47031927213663,-0.053333335,13492.97073775484,108724.27121383957,359.530655357382,302.40612196410643,78,GRENADA,GRENADA,17,Admin0
78,2021-07,GRD,0.7904205320837415,0.9515984882358229,0.5474282849121155,0.7270213734107145,0.6720661729071377,0.8865657727761155,0.4558746003622974,0.5883547354064234,299.965192884275,0.8255010859532554,1.3974145881364788,78,300.0350501013419,300.5572933089764,300.8430496849514,300.804718479399,300.42449463517653,299.77145751680143,0.8253665099514931,0.8254973722657218,0.824061035009782,0.826656920351103,0.8206961411583406,0.796356023849011,36.76926475453256,35.8001852731523,36.40332924045777,40.6357975824979,34.56276153856187,23.239543473020284,300.8309572294771,301.3537561310062,301.633209678288,301.57022465025807,301.16100481283587,300.4220859674319,299.16560683879675,299.6355599684225,299.87137327880794,299.84307083644956,299.54597409797907,299.041508809344,-0.14516129,13492.97073775484,108724.27121383957,359.530655357382,302.40612196410643,79,GRENADA,GRENADA,0,Admin0
79,2021-08,GRD,-0.5355589472061083,-0.6008148318744849,-0.06916247032687735,0.07466073006113426,0.7154721763900804,0.9110985421018437,0.45193764312622947,0.5669936309557623,300.2691601285418,0.8196010030785087,1.4924503600038126,79,300.34013884262856,300.6572964454194,300.6569874567159,300.2896259085512,299.6719057411824,299.0356384767172,0.8247466777098195,0.8266907179791754,0.8277488586689286,0.823016129196384,0.7956669746630177,0.7751831871263525,35.204049857272395,40.11437646832586,39.826608624094796,35.20428309863952,20.235252078883548,12.344947578749021,301.16551123256625,301.4549437188815,301.4191851827267,301.0183340140131,300.29838701449177,299.633074267351,299.3828508823795,299.6808942204693,299.6967188317804,299.4344891313813,298.9729075366038,298.37008900612705,-0.28709677,13492.97073775484,108724.27121383957,359.530655357382,302.40612196410643,80,GRENADA,GRENADA,0,Admin0
80,2021-09,GRD,1.2236655763423003,1.2709205390581637,0.6531834710019853,0.8530599779216658,0.14415302321943707,0.2692360334671588,0.40648902613056853,0.4585512396160672,300.99792824081834,0.7993777157919947,0.8272160569869704,80,300.71199073291444,300.6441750055542,300.2797389952627,299.70707311321274,299.08277373108893,298.7394235852827,0.8223806049749146,0.826996337932814,0.8197822238719772,0.7978191551218924,0.7860531264590699,0.7734339826942642,35.65290239479519,44.87804380860202,33.84351440872269,20.066063668471,13.527499906666566,9.16262511671517,301.5301821174438,301.4386274534545,301.0088676553531,300.33787811452146,299.6782170358793,299.3260244348267,299.69626084559206,299.66445710043627,299.4075215719577,298.9856826581867,298.4112804537525,298.09728192858313,-0.23666666,13492.97073775484,108724.27121383957,359.530655357382,302.40612196410643,81,GRENADA,GRENADA,0,Admin0
81,2021-10,GRD,-1.6626624638801855,-1.5174125925392579,-0.4446251637057979,-0.5067222797262713,-0.22261825353963946,-0.2542253766032455,-0.06084567081362949,-0.06502324459980582,300.78511390714164,0.8025840828460535,0.891330923240717,81,300.68781279089393,300.24269748879334,299.63748703119904,299.05289961795097,298.7811515705277,298.88679313953503,0.8274854603437404,0.8219991529825372,0.7971623220742146,0.7824663911594476,0.7742859617005992,0.772811436050874,53.488710765737885,38.40317693609787,23.470983368432012,14.01483439505032,9.515311133890734,8.884200914432133,301.56290696896366,300.9856344719449,300.25631764251455,299.6479864870904,299.3571070774571,299.4677219972994,299.65761428983336,299.3690393032193,298.9379719571117,298.39862859890894,298.1527382178302,298.27206528605177,-0.7612903,13492.97073775484,108724.27121383957,359.530655357382,302.40612196410643,82,GRENADA,GRENADA,0,Admin0
82,2021-11,GRD,-3.029861847568627,-2.15972279173954,-1.6112698217469792,-1.702727918593058,-1.1160715895692517,-1.33767564214085,-0.7083168229464241,-0.8819141005270502,300.0421644751769,0.8082592574605084,0.5549962503853897,82,300.1041295724445,299.59602576276126,299.0626277840198,298.8234125036207,298.9505434622124,299.36903513351655,0.8072548826424494,0.7962704627727298,0.7866601360485413,0.7817294554181256,0.7748521676882032,0.7798223518027056,19.940661223645897,20.423872397705523,15.92419143215777,10.920752107463526,9.238655692155406,9.64313335705638,300.7234646846328,300.2144225192605,299.6570398133658,299.4058583820107,299.535594183595,299.95343132501756,299.3835264121164,298.89331206177945,298.39354001404706,298.17480818348787,298.3298499669695,298.75008886254767,-0.89,13492.97073775484,108724.27121383957,359.530655357382,302.40612196410643,83,GRENADA,GRENADA,0,Admin0
83,2021-12,GRD,-1.0755655428053637,-1.1123366087166764,-3.197969168750352,-2.381672678765817,-1.3635068737887779,-1.532867209440052,-0.6076386856577857,-0.7162245112854816,299.7424650349491,0.7881037656679384,0.6325718570048606,83,299.58533357909903,299.00746530169454,298.73763155964724,298.8429438455781,299.28434266635423,299.7503858493046,0.8102591715351847,0.7885389926788772,0.7811740164828006,0.7752499964551138,0.7807881428685339,0.7962600312345589,26.220676530990982,17.254101573739923,11.407809096282428,9.645415515895378,9.063605984867456,15.14857578301212,300.2105804490458,299.60601365389545,299.3181016010125,299.4206950199718,299.8601122837935,300.33693417348894,298.85681273939133,298.33541554369407,298.08562716017576,298.23539904807774,298.68007499441853,299.13930177915256,-1.032258,13492.97073775484,108724.27121383957,359.530655357382,302.40612196410643,84,GRENADA,GRENADA,0,Admin0
84,2022-01,GRD,-0.41271063818366915,-0.41408691934831,-2.138372305640929,-1.8596367415554527,-1.642515529270094,-1.8307748687785372,-0.6899603112979878,-0.8174859601370155,298.74469527954875,0.7702678541419864,0.303092094730892,84,298.80126434721706,298.76340833289265,298.8895216198805,299.26563391662825,299.75412433772163,299.9146205639223,0.7825223299872058,0.7906905059911243,0.7751324559684977,0.7763158599820073,0.7942907215286144,0.8160085925587217,12.702451910740754,12.969385664936265,9.54090297933826,8.63035130145047,15.19169645626666,30.74073001237389,299.38212536886005,299.34471634746626,299.47129567122374,299.836328815244,300.34559267374476,300.58278595475133,298.13406931279013,298.1112942794026,298.26831879854683,298.67744287821046,299.1330063957616,299.19630610494016,-0.86451614,14427.111721806019,108961.59364045593,359.530655357382,303.0662115088504,85,GRENADA,GRENADA,25,Admin0
